knob,value,seed,tracker,IDF1,IDP,IDR,IDSW,FRAG,IDSW_per_gt_id,n_gt_ids,n_pred_ids,count_error,id_ratio,MOTA,TP,FP,FN,mAP,AP@0.50
n_objects,5.0,0,"ingênuo, max_age=5",0.9179487179487179,0.9421052631578948,0.895,1,1,0.2,5,6,1,1.2,0.945,190,0,10,0.9499999999999998,0.95
n_objects,5.0,0,"ingênuo, max_age=30",0.9743589743589743,1.0,0.95,0,1,0.0,5,5,0,1.0,0.95,190,0,10,0.9499999999999998,0.95
n_objects,5.0,0,"Kalman, max_age=5",0.9179487179487179,0.9421052631578948,0.895,1,1,0.2,5,6,1,1.2,0.945,190,0,10,0.9499999999999998,0.95
n_objects,5.0,0,"Kalman, max_age=30",0.9743589743589743,1.0,0.95,0,1,0.0,5,5,0,1.0,0.95,190,0,10,0.9499999999999998,0.95
n_objects,5.0,1,"ingênuo, max_age=5",1.0,1.0,1.0,0,0,0.0,5,5,0,1.0,1.0,200,0,0,1.0,1.0
n_objects,5.0,1,"ingênuo, max_age=30",1.0,1.0,1.0,0,0,0.0,5,5,0,1.0,1.0,200,0,0,1.0,1.0
n_objects,5.0,1,"Kalman, max_age=5",1.0,1.0,1.0,0,0,0.0,5,5,0,1.0,1.0,200,0,0,1.0,1.0
n_objects,5.0,1,"Kalman, max_age=30",1.0,1.0,1.0,0,0,0.0,5,5,0,1.0,1.0,200,0,0,1.0,1.0
n_objects,5.0,2,"ingênuo, max_age=5",1.0,1.0,1.0,0,0,0.0,5,5,0,1.0,1.0,200,0,0,1.0,1.0
n_objects,5.0,2,"ingênuo, max_age=30",1.0,1.0,1.0,0,0,0.0,5,5,0,1.0,1.0,200,0,0,1.0,1.0
n_objects,5.0,2,"Kalman, max_age=5",1.0,1.0,1.0,0,0,0.0,5,5,0,1.0,1.0,200,0,0,1.0,1.0
n_objects,5.0,2,"Kalman, max_age=30",1.0,1.0,1.0,0,0,0.0,5,5,0,1.0,1.0,200,0,0,1.0,1.0
n_objects,5.0,3,"ingênuo, max_age=5",0.9847715736040609,1.0,0.97,0,0,0.0,5,5,0,1.0,0.97,194,0,6,0.9700000000000001,0.97
n_objects,5.0,3,"ingênuo, max_age=30",0.9847715736040609,1.0,0.97,0,0,0.0,5,5,0,1.0,0.97,194,0,6,0.9700000000000001,0.97
n_objects,5.0,3,"Kalman, max_age=5",0.9847715736040609,1.0,0.97,0,0,0.0,5,5,0,1.0,0.97,194,0,6,0.9700000000000001,0.97
n_objects,5.0,3,"Kalman, max_age=30",0.9847715736040609,1.0,0.97,0,0,0.0,5,5,0,1.0,0.97,194,0,6,0.9700000000000001,0.97
n_objects,5.0,4,"ingênuo, max_age=5",0.9159891598915989,1.0,0.845,0,0,0.0,5,5,0,1.0,0.845,169,0,31,0.845,0.845
n_objects,5.0,4,"ingênuo, max_age=30",0.9159891598915989,1.0,0.845,0,0,0.0,5,5,0,1.0,0.845,169,0,31,0.845,0.845
n_objects,5.0,4,"Kalman, max_age=5",0.9159891598915989,1.0,0.845,0,0,0.0,5,5,0,1.0,0.845,169,0,31,0.845,0.845
n_objects,5.0,4,"Kalman, max_age=30",0.9159891598915989,1.0,0.845,0,0,0.0,5,5,0,1.0,0.845,169,0,31,0.845,0.845
n_objects,5.0,5,"ingênuo, max_age=5",1.0,1.0,1.0,0,0,0.0,5,5,0,1.0,1.0,200,0,0,1.0,1.0
n_objects,5.0,5,"ingênuo, max_age=30",1.0,1.0,1.0,0,0,0.0,5,5,0,1.0,1.0,200,0,0,1.0,1.0
n_objects,5.0,5,"Kalman, max_age=5",1.0,1.0,1.0,0,0,0.0,5,5,0,1.0,1.0,200,0,0,1.0,1.0
n_objects,5.0,5,"Kalman, max_age=30",1.0,1.0,1.0,0,0,0.0,5,5,0,1.0,1.0,200,0,0,1.0,1.0
n_objects,5.0,6,"ingênuo, max_age=5",0.9637305699481865,1.0,0.93,0,0,0.0,5,5,0,1.0,0.9299999999999999,186,0,14,0.93,0.93
n_objects,5.0,6,"ingênuo, max_age=30",0.9637305699481865,1.0,0.93,0,0,0.0,5,5,0,1.0,0.9299999999999999,186,0,14,0.93,0.93
n_objects,5.0,6,"Kalman, max_age=5",0.9637305699481865,1.0,0.93,0,0,0.0,5,5,0,1.0,0.9299999999999999,186,0,14,0.93,0.93
n_objects,5.0,6,"Kalman, max_age=30",0.9637305699481865,1.0,0.93,0,0,0.0,5,5,0,1.0,0.9299999999999999,186,0,14,0.93,0.93
n_objects,5.0,7,"ingênuo, max_age=5",1.0,1.0,1.0,0,0,0.0,5,5,0,1.0,1.0,200,0,0,1.0,1.0
n_objects,5.0,7,"ingênuo, max_age=30",1.0,1.0,1.0,0,0,0.0,5,5,0,1.0,1.0,200,0,0,1.0,1.0
n_objects,5.0,7,"Kalman, max_age=5",1.0,1.0,1.0,0,0,0.0,5,5,0,1.0,1.0,200,0,0,1.0,1.0
n_objects,5.0,7,"Kalman, max_age=30",1.0,1.0,1.0,0,0,0.0,5,5,0,1.0,1.0,200,0,0,1.0,1.0
n_objects,8.0,0,"ingênuo, max_age=5",1.0,1.0,1.0,0,0,0.0,8,8,0,1.0,1.0,320,0,0,1.0,1.0
n_objects,8.0,0,"ingênuo, max_age=30",1.0,1.0,1.0,0,0,0.0,8,8,0,1.0,1.0,320,0,0,1.0,1.0
n_objects,8.0,0,"Kalman, max_age=5",1.0,1.0,1.0,0,0,0.0,8,8,0,1.0,1.0,320,0,0,1.0,1.0
n_objects,8.0,0,"Kalman, max_age=30",1.0,1.0,1.0,0,0,0.0,8,8,0,1.0,1.0,320,0,0,1.0,1.0
n_objects,8.0,1,"ingênuo, max_age=5",1.0,1.0,1.0,0,0,0.0,8,8,0,1.0,1.0,320,0,0,1.0,1.0
n_objects,8.0,1,"ingênuo, max_age=30",1.0,1.0,1.0,0,0,0.0,8,8,0,1.0,1.0,320,0,0,1.0,1.0
n_objects,8.0,1,"Kalman, max_age=5",1.0,1.0,1.0,0,0,0.0,8,8,0,1.0,1.0,320,0,0,1.0,1.0
n_objects,8.0,1,"Kalman, max_age=30",1.0,1.0,1.0,0,0,0.0,8,8,0,1.0,1.0,320,0,0,1.0,1.0
n_objects,8.0,2,"ingênuo, max_age=5",0.9279731993299832,1.0,0.865625,0,0,0.0,8,8,0,1.0,0.865625,277,0,43,0.865625,0.865625
n_objects,8.0,2,"ingênuo, max_age=30",0.9279731993299832,1.0,0.865625,0,0,0.0,8,8,0,1.0,0.865625,277,0,43,0.865625,0.865625
n_objects,8.0,2,"Kalman, max_age=5",0.9279731993299832,1.0,0.865625,0,0,0.0,8,8,0,1.0,0.865625,277,0,43,0.865625,0.865625
n_objects,8.0,2,"Kalman, max_age=30",0.9279731993299832,1.0,0.865625,0,0,0.0,8,8,0,1.0,0.865625,277,0,43,0.865625,0.865625
n_objects,8.0,3,"ingênuo, max_age=5",0.9525368248772504,1.0,0.909375,0,0,0.0,8,8,0,1.0,0.909375,291,0,29,0.9093750000000002,0.909375
n_objects,8.0,3,"ingênuo, max_age=30",0.9525368248772504,1.0,0.909375,0,0,0.0,8,8,0,1.0,0.909375,291,0,29,0.9093750000000002,0.909375
n_objects,8.0,3,"Kalman, max_age=5",0.9525368248772504,1.0,0.909375,0,0,0.0,8,8,0,1.0,0.909375,291,0,29,0.9093750000000002,0.909375
n_objects,8.0,3,"Kalman, max_age=30",0.9525368248772504,1.0,0.909375,0,0,0.0,8,8,0,1.0,0.909375,291,0,29,0.9093750000000002,0.909375
n_objects,8.0,4,"ingênuo, max_age=5",0.976303317535545,0.987220447284345,0.965625,1,1,0.125,8,9,1,1.125,0.975,313,0,7,0.978125,0.978125
n_objects,8.0,4,"ingênuo, max_age=30",0.9889415481832543,1.0,0.978125,0,1,0.0,8,8,0,1.0,0.978125,313,0,7,0.978125,0.978125
n_objects,8.0,4,"Kalman, max_age=5",0.976303317535545,0.987220447284345,0.965625,1,1,0.125,8,9,1,1.125,0.975,313,0,7,0.978125,0.978125
n_objects,8.0,4,"Kalman, max_age=30",0.9889415481832543,1.0,0.978125,0,1,0.0,8,8,0,1.0,0.978125,313,0,7,0.978125,0.978125
n_objects,8.0,5,"ingênuo, max_age=5",1.0,1.0,1.0,0,0,0.0,8,8,0,1.0,1.0,320,0,0,1.0,1.0
n_objects,8.0,5,"ingênuo, max_age=30",1.0,1.0,1.0,0,0,0.0,8,8,0,1.0,1.0,320,0,0,1.0,1.0
n_objects,8.0,5,"Kalman, max_age=5",1.0,1.0,1.0,0,0,0.0,8,8,0,1.0,1.0,320,0,0,1.0,1.0
n_objects,8.0,5,"Kalman, max_age=30",1.0,1.0,1.0,0,0,0.0,8,8,0,1.0,1.0,320,0,0,1.0,1.0
n_objects,8.0,6,"ingênuo, max_age=5",1.0,1.0,1.0,0,0,0.0,8,8,0,1.0,1.0,320,0,0,1.0,1.0
n_objects,8.0,6,"ingênuo, max_age=30",1.0,1.0,1.0,0,0,0.0,8,8,0,1.0,1.0,320,0,0,1.0,1.0
n_objects,8.0,6,"Kalman, max_age=5",1.0,1.0,1.0,0,0,0.0,8,8,0,1.0,1.0,320,0,0,1.0,1.0
n_objects,8.0,6,"Kalman, max_age=30",1.0,1.0,1.0,0,0,0.0,8,8,0,1.0,1.0,320,0,0,1.0,1.0
n_objects,8.0,7,"ingênuo, max_age=5",0.9438943894389439,1.0,0.89375,0,0,0.0,8,8,0,1.0,0.89375,286,0,34,0.8937500000000002,0.89375
n_objects,8.0,7,"ingênuo, max_age=30",0.9438943894389439,1.0,0.89375,0,0,0.0,8,8,0,1.0,0.89375,286,0,34,0.8937500000000002,0.89375
n_objects,8.0,7,"Kalman, max_age=5",0.9438943894389439,1.0,0.89375,0,0,0.0,8,8,0,1.0,0.89375,286,0,34,0.8937500000000002,0.89375
n_objects,8.0,7,"Kalman, max_age=30",0.9438943894389439,1.0,0.89375,0,0,0.0,8,8,0,1.0,0.89375,286,0,34,0.8937500000000002,0.89375
n_objects,11.0,0,"ingênuo, max_age=5",0.9767981438515081,0.9976303317535545,0.9568181818181818,1,1,0.09090909090909091,11,12,1,1.0909090909090908,0.9568181818181818,422,0,18,0.9590909090909092,0.9590909090909091
n_objects,11.0,0,"ingênuo, max_age=30",0.9767981438515081,0.9976303317535545,0.9568181818181818,1,1,0.09090909090909091,11,12,1,1.0909090909090908,0.9568181818181818,422,0,18,0.9590909090909092,0.9590909090909091
n_objects,11.0,0,"Kalman, max_age=5",0.9767981438515081,0.9976303317535545,0.9568181818181818,1,1,0.09090909090909091,11,12,1,1.0909090909090908,0.9568181818181818,422,0,18,0.9590909090909092,0.9590909090909091
n_objects,11.0,0,"Kalman, max_age=30",0.9791183294663574,1.0,0.9590909090909091,0,1,0.0,11,11,0,1.0,0.9590909090909091,422,0,18,0.9590909090909092,0.9590909090909091
n_objects,11.0,1,"ingênuo, max_age=5",0.9931350114416476,1.0,0.9863636363636363,0,0,0.0,11,11,0,1.0,0.9863636363636363,434,0,6,0.9863636363636363,0.9863636363636363
n_objects,11.0,1,"ingênuo, max_age=30",0.9931350114416476,1.0,0.9863636363636363,0,0,0.0,11,11,0,1.0,0.9863636363636363,434,0,6,0.9863636363636363,0.9863636363636363
n_objects,11.0,1,"Kalman, max_age=5",0.9931350114416476,1.0,0.9863636363636363,0,0,0.0,11,11,0,1.0,0.9863636363636363,434,0,6,0.9863636363636363,0.9863636363636363
n_objects,11.0,1,"Kalman, max_age=30",0.9931350114416476,1.0,0.9863636363636363,0,0,0.0,11,11,0,1.0,0.9863636363636363,434,0,6,0.9863636363636363,0.9863636363636363
n_objects,11.0,2,"ingênuo, max_age=5",0.9665513264129181,0.9812646370023419,0.9522727272727273,1,1,0.09090909090909091,11,12,1,1.0909090909090908,0.9681818181818181,427,0,13,0.9704545454545455,0.9704545454545455
n_objects,11.0,2,"ingênuo, max_age=30",0.9665513264129181,0.9812646370023419,0.9522727272727273,1,1,0.09090909090909091,11,12,1,1.0909090909090908,0.9681818181818181,427,0,13,0.9704545454545455,0.9704545454545455
n_objects,11.0,2,"Kalman, max_age=5",0.9665513264129181,0.9812646370023419,0.9522727272727273,1,1,0.09090909090909091,11,12,1,1.0909090909090908,0.9681818181818181,427,0,13,0.9704545454545455,0.9704545454545455
n_objects,11.0,2,"Kalman, max_age=30",0.9850057670126874,1.0,0.9704545454545455,0,1,0.0,11,11,0,1.0,0.9704545454545455,427,0,13,0.9704545454545455,0.9704545454545455
n_objects,11.0,3,"ingênuo, max_age=5",0.9585798816568047,1.0,0.9204545454545454,0,2,0.0,11,11,0,1.0,0.9204545454545454,405,0,35,0.9204545454545453,0.9204545454545454
n_objects,11.0,3,"ingênuo, max_age=30",0.9585798816568047,1.0,0.9204545454545454,0,2,0.0,11,11,0,1.0,0.9204545454545454,405,0,35,0.9204545454545453,0.9204545454545454
n_objects,11.0,3,"Kalman, max_age=5",0.9585798816568047,1.0,0.9204545454545454,0,2,0.0,11,11,0,1.0,0.9204545454545454,405,0,35,0.9204545454545453,0.9204545454545454
n_objects,11.0,3,"Kalman, max_age=30",0.9585798816568047,1.0,0.9204545454545454,0,2,0.0,11,11,0,1.0,0.9204545454545454,405,0,35,0.9204545454545453,0.9204545454545454
n_objects,11.0,4,"ingênuo, max_age=5",0.9284009546539379,0.9773869346733668,0.884090909090909,1,1,0.09090909090909091,11,12,1,1.0909090909090908,0.9022727272727272,398,0,42,0.9045454545454545,0.9045454545454545
n_objects,11.0,4,"ingênuo, max_age=30",0.9498806682577565,1.0,0.9045454545454545,0,1,0.0,11,11,0,1.0,0.9045454545454545,398,0,42,0.9045454545454545,0.9045454545454545
n_objects,11.0,4,"Kalman, max_age=5",0.9284009546539379,0.9773869346733668,0.884090909090909,1,1,0.09090909090909091,11,12,1,1.0909090909090908,0.9022727272727272,398,0,42,0.9045454545454545,0.9045454545454545
n_objects,11.0,4,"Kalman, max_age=30",0.9498806682577565,1.0,0.9045454545454545,0,1,0.0,11,11,0,1.0,0.9045454545454545,398,0,42,0.9045454545454545,0.9045454545454545
n_objects,11.0,5,"ingênuo, max_age=5",0.9622641509433962,1.0,0.9272727272727272,0,0,0.0,11,11,0,1.0,0.9272727272727272,408,0,32,0.9272727272727274,0.9272727272727272
n_objects,11.0,5,"ingênuo, max_age=30",0.9622641509433962,1.0,0.9272727272727272,0,0,0.0,11,11,0,1.0,0.9272727272727272,408,0,32,0.9272727272727274,0.9272727272727272
n_objects,11.0,5,"Kalman, max_age=5",0.9622641509433962,1.0,0.9272727272727272,0,0,0.0,11,11,0,1.0,0.9272727272727272,408,0,32,0.9272727272727274,0.9272727272727272
n_objects,11.0,5,"Kalman, max_age=30",0.9622641509433962,1.0,0.9272727272727272,0,0,0.0,11,11,0,1.0,0.9272727272727272,408,0,32,0.9272727272727274,0.9272727272727272
n_objects,11.0,6,"ingênuo, max_age=5",0.8963855421686747,0.9538461538461539,0.8454545454545455,1,1,0.09090909090909091,11,11,0,1.0,0.884090909090909,390,0,50,0.8863636363636364,0.8863636363636364
n_objects,11.0,6,"ingênuo, max_age=30",0.8963855421686747,0.9538461538461539,0.8454545454545455,1,1,0.09090909090909091,11,11,0,1.0,0.884090909090909,390,0,50,0.8863636363636364,0.8863636363636364
n_objects,11.0,6,"Kalman, max_age=5",0.8963855421686747,0.9538461538461539,0.8454545454545455,1,1,0.09090909090909091,11,11,0,1.0,0.884090909090909,390,0,50,0.8863636363636364,0.8863636363636364
n_objects,11.0,6,"Kalman, max_age=30",0.8963855421686747,0.9538461538461539,0.8454545454545455,1,1,0.09090909090909091,11,11,0,1.0,0.884090909090909,390,0,50,0.8863636363636364,0.8863636363636364
n_objects,11.0,7,"ingênuo, max_age=5",0.8621118012422361,0.9506849315068493,0.7886363636363637,3,3,0.2727272727272727,11,14,3,1.2727272727272727,0.8227272727272728,365,0,75,0.8295454545454547,0.8295454545454546
n_objects,11.0,7,"ingênuo, max_age=30",0.8596273291925466,0.947945205479452,0.7863636363636364,2,3,0.18181818181818182,11,12,1,1.0909090909090908,0.825,365,0,75,0.8295454545454547,0.8295454545454546
n_objects,11.0,7,"Kalman, max_age=5",0.8621118012422361,0.9506849315068493,0.7886363636363637,3,3,0.2727272727272727,11,14,3,1.2727272727272727,0.8227272727272728,365,0,75,0.8295454545454547,0.8295454545454546
n_objects,11.0,7,"Kalman, max_age=30",0.8745341614906832,0.9643835616438357,0.8,1,3,0.09090909090909091,11,11,0,1.0,0.8272727272727273,365,0,75,0.8295454545454547,0.8295454545454546
n_objects,15.0,0,"ingênuo, max_age=5",0.8865248226950354,0.946969696969697,0.8333333333333334,3,3,0.2,15,18,3,1.2,0.875,528,0,72,0.8800000000000001,0.8800000000000001
n_objects,15.0,0,"ingênuo, max_age=30",0.9042553191489362,0.9659090909090909,0.85,2,3,0.13333333333333333,15,17,2,1.1333333333333333,0.8766666666666667,528,0,72,0.8800000000000001,0.8800000000000001
n_objects,15.0,0,"Kalman, max_age=5",0.8865248226950354,0.946969696969697,0.8333333333333334,3,3,0.2,15,18,3,1.2,0.875,528,0,72,0.8800000000000001,0.8800000000000001
n_objects,15.0,0,"Kalman, max_age=30",0.9361702127659575,1.0,0.88,0,3,0.0,15,15,0,1.0,0.88,528,0,72,0.8800000000000001,0.8800000000000001
n_objects,15.0,1,"ingênuo, max_age=5",0.98989898989899,1.0,0.98,0,0,0.0,15,15,0,1.0,0.98,588,0,12,0.9800000000000001,0.98
n_objects,15.0,1,"ingênuo, max_age=30",0.98989898989899,1.0,0.98,0,0,0.0,15,15,0,1.0,0.98,588,0,12,0.9800000000000001,0.98
n_objects,15.0,1,"Kalman, max_age=5",0.98989898989899,1.0,0.98,0,0,0.0,15,15,0,1.0,0.98,588,0,12,0.9800000000000001,0.98
n_objects,15.0,1,"Kalman, max_age=30",0.98989898989899,1.0,0.98,0,0,0.0,15,15,0,1.0,0.98,588,0,12,0.9800000000000001,0.98
n_objects,15.0,2,"ingênuo, max_age=5",0.9130434782608695,0.9545454545454546,0.875,4,4,0.26666666666666666,15,19,4,1.2666666666666666,0.91,550,0,50,0.9166666666666666,0.9166666666666666
n_objects,15.0,2,"ingênuo, max_age=30",0.9217391304347826,0.9636363636363636,0.8833333333333333,3,4,0.2,15,16,1,1.0666666666666667,0.9116666666666666,550,0,50,0.9166666666666666,0.9166666666666666
n_objects,15.0,2,"Kalman, max_age=5",0.9130434782608695,0.9545454545454546,0.875,4,4,0.26666666666666666,15,19,4,1.2666666666666666,0.91,550,0,50,0.9166666666666666,0.9166666666666666
n_objects,15.0,2,"Kalman, max_age=30",0.9460869565217391,0.9890909090909091,0.9066666666666666,1,4,0.06666666666666667,15,16,1,1.0666666666666667,0.915,550,0,50,0.9166666666666666,0.9166666666666666
n_objects,15.0,3,"ingênuo, max_age=5",0.8658088235294118,0.9651639344262295,0.785,3,3,0.2,15,18,3,1.2,0.8083333333333333,488,0,112,0.8133333333333332,0.8133333333333334
n_objects,15.0,3,"ingênuo, max_age=30",0.8823529411764706,0.9836065573770492,0.8,1,3,0.06666666666666667,15,16,1,1.0666666666666667,0.8116666666666666,488,0,112,0.8133333333333332,0.8133333333333334
n_objects,15.0,3,"Kalman, max_age=5",0.8658088235294118,0.9651639344262295,0.785,3,3,0.2,15,18,3,1.2,0.8083333333333333,488,0,112,0.8133333333333332,0.8133333333333334
n_objects,15.0,3,"Kalman, max_age=30",0.8915441176470589,0.9938524590163934,0.8083333333333333,1,3,0.06666666666666667,15,16,1,1.0666666666666667,0.8116666666666666,488,0,112,0.8133333333333332,0.8133333333333334
n_objects,15.0,4,"ingênuo, max_age=5",0.9821882951653944,1.0,0.965,0,0,0.0,15,15,0,1.0,0.965,579,0,21,0.9650000000000001,0.965
n_objects,15.0,4,"ingênuo, max_age=30",0.9821882951653944,1.0,0.965,0,0,0.0,15,15,0,1.0,0.965,579,0,21,0.9650000000000001,0.965
n_objects,15.0,4,"Kalman, max_age=5",0.9821882951653944,1.0,0.965,0,0,0.0,15,15,0,1.0,0.965,579,0,21,0.9650000000000001,0.965
n_objects,15.0,4,"Kalman, max_age=30",0.9821882951653944,1.0,0.965,0,0,0.0,15,15,0,1.0,0.965,579,0,21,0.9650000000000001,0.965
n_objects,15.0,5,"ingênuo, max_age=5",0.920863309352518,1.0,0.8533333333333334,0,0,0.0,15,15,0,1.0,0.8533333333333333,512,0,88,0.8533333333333335,0.8533333333333335
n_objects,15.0,5,"ingênuo, max_age=30",0.920863309352518,1.0,0.8533333333333334,0,0,0.0,15,15,0,1.0,0.8533333333333333,512,0,88,0.8533333333333335,0.8533333333333335
n_objects,15.0,5,"Kalman, max_age=5",0.920863309352518,1.0,0.8533333333333334,0,0,0.0,15,15,0,1.0,0.8533333333333333,512,0,88,0.8533333333333335,0.8533333333333335
n_objects,15.0,5,"Kalman, max_age=30",0.920863309352518,1.0,0.8533333333333334,0,0,0.0,15,15,0,1.0,0.8533333333333333,512,0,88,0.8533333333333335,0.8533333333333335
n_objects,15.0,6,"ingênuo, max_age=5",0.9565957446808511,0.9773913043478261,0.9366666666666666,2,3,0.13333333333333333,15,17,2,1.1333333333333333,0.955,575,0,25,0.9583333333333334,0.9583333333333334
n_objects,15.0,6,"ingênuo, max_age=30",0.9787234042553191,1.0,0.9583333333333334,0,3,0.0,15,15,0,1.0,0.9583333333333334,575,0,25,0.9583333333333334,0.9583333333333334
n_objects,15.0,6,"Kalman, max_age=5",0.9565957446808511,0.9773913043478261,0.9366666666666666,2,3,0.13333333333333333,15,17,2,1.1333333333333333,0.955,575,0,25,0.9583333333333334,0.9583333333333334
n_objects,15.0,6,"Kalman, max_age=30",0.9787234042553191,1.0,0.9583333333333334,0,3,0.0,15,15,0,1.0,0.9583333333333334,575,0,25,0.9583333333333334,0.9583333333333334
n_objects,15.0,7,"ingênuo, max_age=5",0.9225289403383793,0.9904397705544933,0.8633333333333333,1,1,0.06666666666666667,15,15,0,1.0,0.87,523,0,77,0.8716666666666668,0.8716666666666668
n_objects,15.0,7,"ingênuo, max_age=30",0.9225289403383793,0.9904397705544933,0.8633333333333333,1,1,0.06666666666666667,15,15,0,1.0,0.87,523,0,77,0.8716666666666668,0.8716666666666668
n_objects,15.0,7,"Kalman, max_age=5",0.9225289403383793,0.9904397705544933,0.8633333333333333,1,1,0.06666666666666667,15,15,0,1.0,0.87,523,0,77,0.8716666666666668,0.8716666666666668
n_objects,15.0,7,"Kalman, max_age=30",0.931433659839715,1.0,0.8716666666666667,0,1,0.0,15,14,1,0.9333333333333333,0.8716666666666667,523,0,77,0.8716666666666668,0.8716666666666668
speed,0.5,0,"ingênuo, max_age=5",0.9179487179487179,0.9421052631578948,0.895,1,1,0.2,5,6,1,1.2,0.945,190,0,10,0.9499999999999998,0.95
speed,0.5,0,"ingênuo, max_age=30",0.9743589743589743,1.0,0.95,0,1,0.0,5,5,0,1.0,0.95,190,0,10,0.9499999999999998,0.95
speed,0.5,0,"Kalman, max_age=5",0.9179487179487179,0.9421052631578948,0.895,1,1,0.2,5,6,1,1.2,0.945,190,0,10,0.9499999999999998,0.95
speed,0.5,0,"Kalman, max_age=30",0.9743589743589743,1.0,0.95,0,1,0.0,5,5,0,1.0,0.95,190,0,10,0.9499999999999998,0.95
speed,0.5,1,"ingênuo, max_age=5",1.0,1.0,1.0,0,0,0.0,5,5,0,1.0,1.0,200,0,0,1.0,1.0
speed,0.5,1,"ingênuo, max_age=30",1.0,1.0,1.0,0,0,0.0,5,5,0,1.0,1.0,200,0,0,1.0,1.0
speed,0.5,1,"Kalman, max_age=5",1.0,1.0,1.0,0,0,0.0,5,5,0,1.0,1.0,200,0,0,1.0,1.0
speed,0.5,1,"Kalman, max_age=30",1.0,1.0,1.0,0,0,0.0,5,5,0,1.0,1.0,200,0,0,1.0,1.0
speed,0.5,2,"ingênuo, max_age=5",1.0,1.0,1.0,0,0,0.0,5,5,0,1.0,1.0,200,0,0,1.0,1.0
speed,0.5,2,"ingênuo, max_age=30",1.0,1.0,1.0,0,0,0.0,5,5,0,1.0,1.0,200,0,0,1.0,1.0
speed,0.5,2,"Kalman, max_age=5",1.0,1.0,1.0,0,0,0.0,5,5,0,1.0,1.0,200,0,0,1.0,1.0
speed,0.5,2,"Kalman, max_age=30",1.0,1.0,1.0,0,0,0.0,5,5,0,1.0,1.0,200,0,0,1.0,1.0
speed,0.5,3,"ingênuo, max_age=5",0.9847715736040609,1.0,0.97,0,0,0.0,5,5,0,1.0,0.97,194,0,6,0.9700000000000001,0.97
speed,0.5,3,"ingênuo, max_age=30",0.9847715736040609,1.0,0.97,0,0,0.0,5,5,0,1.0,0.97,194,0,6,0.9700000000000001,0.97
speed,0.5,3,"Kalman, max_age=5",0.9847715736040609,1.0,0.97,0,0,0.0,5,5,0,1.0,0.97,194,0,6,0.9700000000000001,0.97
speed,0.5,3,"Kalman, max_age=30",0.9847715736040609,1.0,0.97,0,0,0.0,5,5,0,1.0,0.97,194,0,6,0.9700000000000001,0.97
speed,0.5,4,"ingênuo, max_age=5",0.9159891598915989,1.0,0.845,0,0,0.0,5,5,0,1.0,0.845,169,0,31,0.845,0.845
speed,0.5,4,"ingênuo, max_age=30",0.9159891598915989,1.0,0.845,0,0,0.0,5,5,0,1.0,0.845,169,0,31,0.845,0.845
speed,0.5,4,"Kalman, max_age=5",0.9159891598915989,1.0,0.845,0,0,0.0,5,5,0,1.0,0.845,169,0,31,0.845,0.845
speed,0.5,4,"Kalman, max_age=30",0.9159891598915989,1.0,0.845,0,0,0.0,5,5,0,1.0,0.845,169,0,31,0.845,0.845
speed,0.5,5,"ingênuo, max_age=5",1.0,1.0,1.0,0,0,0.0,5,5,0,1.0,1.0,200,0,0,1.0,1.0
speed,0.5,5,"ingênuo, max_age=30",1.0,1.0,1.0,0,0,0.0,5,5,0,1.0,1.0,200,0,0,1.0,1.0
speed,0.5,5,"Kalman, max_age=5",1.0,1.0,1.0,0,0,0.0,5,5,0,1.0,1.0,200,0,0,1.0,1.0
speed,0.5,5,"Kalman, max_age=30",1.0,1.0,1.0,0,0,0.0,5,5,0,1.0,1.0,200,0,0,1.0,1.0
speed,0.5,6,"ingênuo, max_age=5",0.9637305699481865,1.0,0.93,0,0,0.0,5,5,0,1.0,0.9299999999999999,186,0,14,0.93,0.93
speed,0.5,6,"ingênuo, max_age=30",0.9637305699481865,1.0,0.93,0,0,0.0,5,5,0,1.0,0.9299999999999999,186,0,14,0.93,0.93
speed,0.5,6,"Kalman, max_age=5",0.9637305699481865,1.0,0.93,0,0,0.0,5,5,0,1.0,0.9299999999999999,186,0,14,0.93,0.93
speed,0.5,6,"Kalman, max_age=30",0.9637305699481865,1.0,0.93,0,0,0.0,5,5,0,1.0,0.9299999999999999,186,0,14,0.93,0.93
speed,0.5,7,"ingênuo, max_age=5",1.0,1.0,1.0,0,0,0.0,5,5,0,1.0,1.0,200,0,0,1.0,1.0
speed,0.5,7,"ingênuo, max_age=30",1.0,1.0,1.0,0,0,0.0,5,5,0,1.0,1.0,200,0,0,1.0,1.0
speed,0.5,7,"Kalman, max_age=5",1.0,1.0,1.0,0,0,0.0,5,5,0,1.0,1.0,200,0,0,1.0,1.0
speed,0.5,7,"Kalman, max_age=30",1.0,1.0,1.0,0,0,0.0,5,5,0,1.0,1.0,200,0,0,1.0,1.0
speed,1.0,0,"ingênuo, max_age=5",0.9873417721518988,1.0,0.975,0,1,0.0,5,5,0,1.0,0.975,195,0,5,0.975,0.975
speed,1.0,0,"ingênuo, max_age=30",0.9873417721518988,1.0,0.975,0,1,0.0,5,5,0,1.0,0.975,195,0,5,0.975,0.975
speed,1.0,0,"Kalman, max_age=5",0.9873417721518988,1.0,0.975,0,1,0.0,5,5,0,1.0,0.975,195,0,5,0.975,0.975
speed,1.0,0,"Kalman, max_age=30",0.9873417721518988,1.0,0.975,0,1,0.0,5,5,0,1.0,0.975,195,0,5,0.975,0.975
speed,1.0,1,"ingênuo, max_age=5",0.923469387755102,0.9427083333333334,0.905,1,1,0.2,5,6,1,1.2,0.955,192,0,8,0.9600000000000002,0.96
speed,1.0,1,"ingênuo, max_age=30",0.923469387755102,0.9427083333333334,0.905,1,1,0.2,5,6,1,1.2,0.955,192,0,8,0.9600000000000002,0.96
speed,1.0,1,"Kalman, max_age=5",0.923469387755102,0.9427083333333334,0.905,1,1,0.2,5,6,1,1.2,0.955,192,0,8,0.9600000000000002,0.96
speed,1.0,1,"Kalman, max_age=30",0.9795918367346939,1.0,0.96,0,1,0.0,5,5,0,1.0,0.96,192,0,8,0.9600000000000002,0.96
speed,1.0,2,"ingênuo, max_age=5",1.0,1.0,1.0,0,0,0.0,5,5,0,1.0,1.0,200,0,0,1.0,1.0
speed,1.0,2,"ingênuo, max_age=30",1.0,1.0,1.0,0,0,0.0,5,5,0,1.0,1.0,200,0,0,1.0,1.0
speed,1.0,2,"Kalman, max_age=5",1.0,1.0,1.0,0,0,0.0,5,5,0,1.0,1.0,200,0,0,1.0,1.0
speed,1.0,2,"Kalman, max_age=30",1.0,1.0,1.0,0,0,0.0,5,5,0,1.0,1.0,200,0,0,1.0,1.0
speed,1.0,3,"ingênuo, max_age=5",0.9924433249370277,1.0,0.985,0,0,0.0,5,5,0,1.0,0.985,197,0,3,0.985,0.985
speed,1.0,3,"ingênuo, max_age=30",0.9924433249370277,1.0,0.985,0,0,0.0,5,5,0,1.0,0.985,197,0,3,0.985,0.985
speed,1.0,3,"Kalman, max_age=5",0.9924433249370277,1.0,0.985,0,0,0.0,5,5,0,1.0,0.985,197,0,3,0.985,0.985
speed,1.0,3,"Kalman, max_age=30",0.9924433249370277,1.0,0.985,0,0,0.0,5,5,0,1.0,0.985,197,0,3,0.985,0.985
speed,1.0,4,"ingênuo, max_age=5",0.9322916666666666,0.9728260869565217,0.895,1,1,0.2,5,6,1,1.2,0.915,184,0,16,0.9200000000000002,0.92
speed,1.0,4,"ingênuo, max_age=30",0.9322916666666666,0.9728260869565217,0.895,1,1,0.2,5,6,1,1.2,0.915,184,0,16,0.9200000000000002,0.92
speed,1.0,4,"Kalman, max_age=5",0.9322916666666666,0.9728260869565217,0.895,1,1,0.2,5,6,1,1.2,0.915,184,0,16,0.9200000000000002,0.92
speed,1.0,4,"Kalman, max_age=30",0.9583333333333334,1.0,0.92,0,1,0.0,5,5,0,1.0,0.92,184,0,16,0.9200000000000002,0.92
speed,1.0,5,"ingênuo, max_age=5",1.0,1.0,1.0,0,0,0.0,5,5,0,1.0,1.0,200,0,0,1.0,1.0
speed,1.0,5,"ingênuo, max_age=30",1.0,1.0,1.0,0,0,0.0,5,5,0,1.0,1.0,200,0,0,1.0,1.0
speed,1.0,5,"Kalman, max_age=5",1.0,1.0,1.0,0,0,0.0,5,5,0,1.0,1.0,200,0,0,1.0,1.0
speed,1.0,5,"Kalman, max_age=30",1.0,1.0,1.0,0,0,0.0,5,5,0,1.0,1.0,200,0,0,1.0,1.0
speed,1.0,6,"ingênuo, max_age=5",0.9081364829396326,0.9558011049723757,0.865,1,1,0.2,5,6,1,1.2,0.9,181,0,19,0.9049999999999999,0.905
speed,1.0,6,"ingênuo, max_age=30",0.9081364829396326,0.9558011049723757,0.865,1,1,0.2,5,6,1,1.2,0.9,181,0,19,0.9049999999999999,0.905
speed,1.0,6,"Kalman, max_age=5",0.9081364829396326,0.9558011049723757,0.865,1,1,0.2,5,6,1,1.2,0.9,181,0,19,0.9049999999999999,0.905
speed,1.0,6,"Kalman, max_age=30",0.9501312335958005,1.0,0.905,0,1,0.0,5,5,0,1.0,0.905,181,0,19,0.9049999999999999,0.905
speed,1.0,7,"ingênuo, max_age=5",1.0,1.0,1.0,0,0,0.0,5,5,0,1.0,1.0,200,0,0,1.0,1.0
speed,1.0,7,"ingênuo, max_age=30",1.0,1.0,1.0,0,0,0.0,5,5,0,1.0,1.0,200,0,0,1.0,1.0
speed,1.0,7,"Kalman, max_age=5",1.0,1.0,1.0,0,0,0.0,5,5,0,1.0,1.0,200,0,0,1.0,1.0
speed,1.0,7,"Kalman, max_age=30",1.0,1.0,1.0,0,0,0.0,5,5,0,1.0,1.0,200,0,0,1.0,1.0
speed,2.0,0,"ingênuo, max_age=5",0.9773299748110831,0.9847715736040609,0.97,1,1,0.2,5,6,1,1.2,0.98,197,0,3,0.985,0.985
speed,2.0,0,"ingênuo, max_age=30",0.9773299748110831,0.9847715736040609,0.97,1,1,0.2,5,6,1,1.2,0.98,197,0,3,0.985,0.985
speed,2.0,0,"Kalman, max_age=5",0.9924433249370277,1.0,0.985,0,1,0.0,5,5,0,1.0,0.985,197,0,3,0.985,0.985
speed,2.0,0,"Kalman, max_age=30",0.9924433249370277,1.0,0.985,0,1,0.0,5,5,0,1.0,0.985,197,0,3,0.985,0.985
speed,2.0,1,"ingênuo, max_age=5",0.9343434343434344,0.9438775510204082,0.925,1,1,0.2,5,6,1,1.2,0.975,196,0,4,0.9800000000000001,0.98
speed,2.0,1,"ingênuo, max_age=30",0.9343434343434344,0.9438775510204082,0.925,1,1,0.2,5,6,1,1.2,0.975,196,0,4,0.9800000000000001,0.98
speed,2.0,1,"Kalman, max_age=5",0.9343434343434344,0.9438775510204082,0.925,1,1,0.2,5,6,1,1.2,0.975,196,0,4,0.9800000000000001,0.98
speed,2.0,1,"Kalman, max_age=30",0.9343434343434344,0.9438775510204082,0.925,1,1,0.2,5,6,1,1.2,0.975,196,0,4,0.9800000000000001,0.98
speed,2.0,2,"ingênuo, max_age=5",1.0,1.0,1.0,0,0,0.0,5,5,0,1.0,1.0,200,0,0,1.0,1.0
speed,2.0,2,"ingênuo, max_age=30",1.0,1.0,1.0,0,0,0.0,5,5,0,1.0,1.0,200,0,0,1.0,1.0
speed,2.0,2,"Kalman, max_age=5",1.0,1.0,1.0,0,0,0.0,5,5,0,1.0,1.0,200,0,0,1.0,1.0
speed,2.0,2,"Kalman, max_age=30",1.0,1.0,1.0,0,0,0.0,5,5,0,1.0,1.0,200,0,0,1.0,1.0
speed,2.0,3,"ingênuo, max_age=5",0.9949748743718593,1.0,0.99,0,0,0.0,5,5,0,1.0,0.99,198,0,2,0.99,0.99
speed,2.0,3,"ingênuo, max_age=30",0.9949748743718593,1.0,0.99,0,0,0.0,5,5,0,1.0,0.99,198,0,2,0.99,0.99
speed,2.0,3,"Kalman, max_age=5",0.9949748743718593,1.0,0.99,0,0,0.0,5,5,0,1.0,0.99,198,0,2,0.99,0.99
speed,2.0,3,"Kalman, max_age=30",0.9949748743718593,1.0,0.99,0,0,0.0,5,5,0,1.0,0.99,198,0,2,0.99,0.99
speed,2.0,4,"ingênuo, max_age=5",0.9642857142857143,0.984375,0.945,1,1,0.2,5,6,1,1.2,0.955,192,0,8,0.9600000000000002,0.96
speed,2.0,4,"ingênuo, max_age=30",0.9642857142857143,0.984375,0.945,1,1,0.2,5,6,1,1.2,0.955,192,0,8,0.9600000000000002,0.96
speed,2.0,4,"Kalman, max_age=5",0.9132653061224489,0.9322916666666666,0.895,2,1,0.4,5,7,2,1.4,0.95,192,0,8,0.9600000000000002,0.96
speed,2.0,4,"Kalman, max_age=30",0.9285714285714286,0.9479166666666666,0.91,1,1,0.2,5,6,1,1.2,0.955,192,0,8,0.9600000000000002,0.96
speed,2.0,5,"ingênuo, max_age=5",0.9620253164556962,0.9743589743589743,0.95,1,1,0.2,5,6,1,1.2,0.97,195,0,5,0.975,0.975
speed,2.0,5,"ingênuo, max_age=30",0.9620253164556962,0.9743589743589743,0.95,1,1,0.2,5,6,1,1.2,0.97,195,0,5,0.975,0.975
speed,2.0,5,"Kalman, max_age=5",0.9620253164556962,0.9743589743589743,0.95,1,1,0.2,5,6,1,1.2,0.97,195,0,5,0.975,0.975
speed,2.0,5,"Kalman, max_age=30",0.9620253164556962,0.9743589743589743,0.95,1,1,0.2,5,6,1,1.2,0.97,195,0,5,0.975,0.975
speed,2.0,6,"ingênuo, max_age=5",0.9411764705882353,0.9633507853403142,0.92,1,1,0.2,5,6,1,1.2,0.95,191,0,9,0.9549999999999998,0.955
speed,2.0,6,"ingênuo, max_age=30",0.9411764705882353,0.9633507853403142,0.92,1,1,0.2,5,6,1,1.2,0.95,191,0,9,0.9549999999999998,0.955
speed,2.0,6,"Kalman, max_age=5",0.9411764705882353,0.9633507853403142,0.92,1,1,0.2,5,6,1,1.2,0.95,191,0,9,0.9549999999999998,0.955
speed,2.0,6,"Kalman, max_age=30",0.9769820971867008,1.0,0.955,0,1,0.0,5,5,0,1.0,0.955,191,0,9,0.9549999999999998,0.955
speed,2.0,7,"ingênuo, max_age=5",1.0,1.0,1.0,0,0,0.0,5,5,0,1.0,1.0,200,0,0,1.0,1.0
speed,2.0,7,"ingênuo, max_age=30",1.0,1.0,1.0,0,0,0.0,5,5,0,1.0,1.0,200,0,0,1.0,1.0
speed,2.0,7,"Kalman, max_age=5",1.0,1.0,1.0,0,0,0.0,5,5,0,1.0,1.0,200,0,0,1.0,1.0
speed,2.0,7,"Kalman, max_age=30",1.0,1.0,1.0,0,0,0.0,5,5,0,1.0,1.0,200,0,0,1.0,1.0
speed,4.0,0,"ingênuo, max_age=5",0.9141414141414141,0.923469387755102,0.905,2,2,0.4,5,7,2,1.4,0.97,196,0,4,0.9800000000000001,0.98
speed,4.0,0,"ingênuo, max_age=30",0.9141414141414141,0.923469387755102,0.905,2,2,0.4,5,7,2,1.4,0.97,196,0,4,0.9800000000000001,0.98
speed,4.0,0,"Kalman, max_age=5",0.7222222222222222,0.7295918367346939,0.715,4,2,0.8,5,9,4,1.8,0.96,196,0,4,0.9800000000000001,0.98
speed,4.0,0,"Kalman, max_age=30",0.7222222222222222,0.7295918367346939,0.715,4,2,0.8,5,9,4,1.8,0.96,196,0,4,0.9800000000000001,0.98
speed,4.0,1,"ingênuo, max_age=5",0.5440806045340051,0.5482233502538071,0.54,45,2,9.0,5,49,44,9.8,0.76,197,0,3,0.985,0.985
speed,4.0,1,"ingênuo, max_age=30",0.4836272040302267,0.4873096446700508,0.48,50,2,10.0,5,48,43,9.6,0.735,197,0,3,0.985,0.985
speed,4.0,1,"Kalman, max_age=5",0.6397984886649875,0.6446700507614214,0.635,31,2,6.2,5,36,31,7.2,0.83,197,0,3,0.985,0.985
speed,4.0,1,"Kalman, max_age=30",0.6397984886649875,0.6446700507614214,0.635,31,2,6.2,5,36,31,7.2,0.83,197,0,3,0.985,0.985
speed,4.0,2,"ingênuo, max_age=5",1.0,1.0,1.0,0,0,0.0,5,5,0,1.0,1.0,200,0,0,1.0,1.0
speed,4.0,2,"ingênuo, max_age=30",1.0,1.0,1.0,0,0,0.0,5,5,0,1.0,1.0,200,0,0,1.0,1.0
speed,4.0,2,"Kalman, max_age=5",0.85,0.85,0.85,2,0,0.4,5,7,2,1.4,0.99,200,0,0,1.0,1.0
speed,4.0,2,"Kalman, max_age=30",0.85,0.85,0.85,2,0,0.4,5,7,2,1.4,0.99,200,0,0,1.0,1.0
speed,4.0,3,"ingênuo, max_age=5",0.7525252525252525,0.7602040816326531,0.745,10,1,2.0,5,15,10,3.0,0.9299999999999999,196,0,4,0.9800000000000001,0.98
speed,4.0,3,"ingênuo, max_age=30",0.7727272727272727,0.7806122448979592,0.765,11,1,2.2,5,15,10,3.0,0.925,196,0,4,0.9800000000000001,0.98
speed,4.0,3,"Kalman, max_age=5",0.803030303030303,0.8112244897959183,0.795,5,1,1.0,5,8,3,1.6,0.955,196,0,4,0.9800000000000001,0.98
speed,4.0,3,"Kalman, max_age=30",0.803030303030303,0.8112244897959183,0.795,5,1,1.0,5,8,3,1.6,0.955,196,0,4,0.9800000000000001,0.98
speed,4.0,4,"ingênuo, max_age=5",0.7837150127226463,0.7979274611398963,0.77,19,1,3.8,5,23,18,4.6,0.87,193,0,7,0.9650000000000001,0.965
speed,4.0,4,"ingênuo, max_age=30",0.7837150127226463,0.7979274611398963,0.77,19,1,3.8,5,23,18,4.6,0.87,193,0,7,0.9650000000000001,0.965
speed,4.0,4,"Kalman, max_age=5",0.8396946564885496,0.8549222797927462,0.825,2,1,0.4,5,7,2,1.4,0.955,193,0,7,0.9650000000000001,0.965
speed,4.0,4,"Kalman, max_age=30",0.8396946564885496,0.8549222797927462,0.825,2,1,0.4,5,7,2,1.4,0.955,193,0,7,0.9650000000000001,0.965
speed,4.0,5,"ingênuo, max_age=5",0.7938931297709924,0.8082901554404145,0.78,18,3,3.6,5,23,18,4.6,0.875,193,0,7,0.9650000000000001,0.965
speed,4.0,5,"ingênuo, max_age=30",0.7938931297709924,0.8082901554404145,0.78,18,3,3.6,5,23,18,4.6,0.875,193,0,7,0.9650000000000001,0.965
speed,4.0,5,"Kalman, max_age=5",0.7735368956743003,0.7875647668393783,0.76,7,3,1.4,5,12,7,2.4,0.9299999999999999,193,0,7,0.9650000000000001,0.965
speed,4.0,5,"Kalman, max_age=30",0.7735368956743003,0.7875647668393783,0.76,7,3,1.4,5,12,7,2.4,0.9299999999999999,193,0,7,0.9650000000000001,0.965
speed,4.0,6,"ingênuo, max_age=5",0.9441624365482234,0.9587628865979382,0.93,2,2,0.4,5,7,2,1.4,0.96,194,0,6,0.9700000000000001,0.97
speed,4.0,6,"ingênuo, max_age=30",0.9441624365482234,0.9587628865979382,0.93,2,2,0.4,5,7,2,1.4,0.96,194,0,6,0.9700000000000001,0.97
speed,4.0,6,"Kalman, max_age=5",0.5888324873096447,0.5979381443298969,0.58,6,2,1.2,5,11,6,2.2,0.94,194,0,6,0.9700000000000001,0.97
speed,4.0,6,"Kalman, max_age=30",0.5888324873096447,0.5979381443298969,0.58,6,2,1.2,5,11,6,2.2,0.94,194,0,6,0.9700000000000001,0.97
speed,4.0,7,"ingênuo, max_age=5",0.815,0.815,0.815,21,0,4.2,5,24,19,4.8,0.895,200,0,0,1.0,1.0
speed,4.0,7,"ingênuo, max_age=30",0.82,0.82,0.82,23,0,4.6,5,20,15,4.0,0.885,200,0,0,1.0,1.0
speed,4.0,7,"Kalman, max_age=5",0.725,0.725,0.725,5,0,1.0,5,10,5,2.0,0.975,200,0,0,1.0,1.0
speed,4.0,7,"Kalman, max_age=30",0.725,0.725,0.725,5,0,1.0,5,10,5,2.0,0.975,200,0,0,1.0,1.0
speed,8.0,0,"ingênuo, max_age=5",0.34760705289672544,0.350253807106599,0.345,105,3,21.0,5,100,95,20.0,0.45999999999999996,197,0,3,0.985,0.985
speed,8.0,0,"ingênuo, max_age=30",0.24181360201511334,0.2436548223350254,0.24,109,3,21.8,5,84,79,16.8,0.43999999999999995,197,0,3,0.985,0.985
speed,8.0,0,"Kalman, max_age=5",0.4433249370277078,0.4467005076142132,0.44,55,3,11.0,5,58,53,11.6,0.71,197,0,3,0.985,0.985
speed,8.0,0,"Kalman, max_age=30",0.4433249370277078,0.4467005076142132,0.44,64,3,12.8,5,62,57,12.4,0.665,197,0,3,0.985,0.985
speed,8.0,1,"ingênuo, max_age=5",0.06615776081424936,0.06735751295336788,0.065,157,3,31.4,5,131,126,26.2,0.18000000000000005,193,0,7,0.9650000000000001,0.965
speed,8.0,1,"ingênuo, max_age=30",0.07633587786259542,0.07772020725388601,0.075,163,3,32.6,5,102,97,20.4,0.15000000000000002,193,0,7,0.9650000000000001,0.965
speed,8.0,1,"Kalman, max_age=5",0.2544529262086514,0.25906735751295334,0.25,124,3,24.8,5,109,104,21.8,0.345,193,0,7,0.9650000000000001,0.965
speed,8.0,1,"Kalman, max_age=30",0.2544529262086514,0.25906735751295334,0.25,128,3,25.6,5,91,86,18.2,0.32499999999999996,193,0,7,0.9650000000000001,0.965
speed,8.0,2,"ingênuo, max_age=5",0.59,0.59,0.59,73,0,14.6,5,66,61,13.2,0.635,200,0,0,1.0,1.0
speed,8.0,2,"ingênuo, max_age=30",0.485,0.485,0.485,78,0,15.6,5,52,47,10.4,0.61,200,0,0,1.0,1.0
speed,8.0,2,"Kalman, max_age=5",0.49,0.49,0.49,63,0,12.6,5,60,55,12.0,0.685,200,0,0,1.0,1.0
speed,8.0,2,"Kalman, max_age=30",0.5,0.5,0.5,63,0,12.6,5,53,48,10.6,0.685,200,0,0,1.0,1.0
speed,8.0,3,"ingênuo, max_age=5",0.5164556962025316,0.5230769230769231,0.51,46,3,9.2,5,45,40,9.0,0.745,195,0,5,0.975,0.975
speed,8.0,3,"ingênuo, max_age=30",0.5417721518987342,0.5487179487179488,0.535,52,3,10.4,5,44,39,8.8,0.7150000000000001,195,0,5,0.975,0.975
speed,8.0,3,"Kalman, max_age=5",0.3392405063291139,0.3435897435897436,0.335,51,3,10.2,5,56,51,11.2,0.72,195,0,5,0.975,0.975
speed,8.0,3,"Kalman, max_age=30",0.3392405063291139,0.3435897435897436,0.335,53,3,10.6,5,52,47,10.4,0.71,195,0,5,0.975,0.975
speed,8.0,4,"ingênuo, max_age=5",0.5050505050505051,0.5102040816326531,0.5,77,2,15.4,5,76,71,15.2,0.595,196,0,4,0.9800000000000001,0.98
speed,8.0,4,"ingênuo, max_age=30",0.47474747474747475,0.47959183673469385,0.47,81,2,16.2,5,62,57,12.4,0.575,196,0,4,0.9800000000000001,0.98
speed,8.0,4,"Kalman, max_age=5",0.31313131313131315,0.3163265306122449,0.31,80,2,16.0,5,79,74,15.8,0.5800000000000001,196,0,4,0.9800000000000001,0.98
speed,8.0,4,"Kalman, max_age=30",0.31313131313131315,0.3163265306122449,0.31,80,2,16.0,5,68,63,13.6,0.5800000000000001,196,0,4,0.9800000000000001,0.98
speed,8.0,5,"ingênuo, max_age=5",0.6208651399491094,0.6321243523316062,0.61,39,4,7.8,5,40,35,8.0,0.77,193,0,7,0.9650000000000001,0.965
speed,8.0,5,"ingênuo, max_age=30",0.6361323155216285,0.6476683937823834,0.625,40,4,8.0,5,32,27,6.4,0.765,193,0,7,0.9650000000000001,0.965
speed,8.0,5,"Kalman, max_age=5",0.4020356234096692,0.40932642487046633,0.395,44,4,8.8,5,47,42,9.4,0.745,193,0,7,0.9650000000000001,0.965
speed,8.0,5,"Kalman, max_age=30",0.4020356234096692,0.40932642487046633,0.395,44,4,8.8,5,39,34,7.8,0.745,193,0,7,0.9650000000000001,0.965
speed,8.0,6,"ingênuo, max_age=5",0.07653061224489796,0.078125,0.075,150,6,30.0,5,117,112,23.4,0.20999999999999996,192,0,8,0.9600000000000002,0.96
speed,8.0,6,"ingênuo, max_age=30",0.07653061224489796,0.078125,0.075,158,6,31.6,5,88,83,17.6,0.17000000000000004,192,0,8,0.9600000000000002,0.96
speed,8.0,6,"Kalman, max_age=5",0.3520408163265306,0.359375,0.345,87,6,17.4,5,78,73,15.6,0.525,192,0,8,0.9600000000000002,0.96
speed,8.0,6,"Kalman, max_age=30",0.3469387755102041,0.3541666666666667,0.34,89,6,17.8,5,66,61,13.2,0.515,192,0,8,0.9600000000000002,0.96
speed,8.0,7,"ingênuo, max_age=5",0.3155216284987277,0.32124352331606215,0.31,108,3,21.6,5,98,93,19.6,0.42500000000000004,193,0,7,0.9650000000000001,0.965
speed,8.0,7,"ingênuo, max_age=30",0.18829516539440203,0.19170984455958548,0.185,121,3,24.2,5,81,76,16.2,0.36,193,0,7,0.9650000000000001,0.965
speed,8.0,7,"Kalman, max_age=5",0.22900763358778625,0.23316062176165803,0.225,102,3,20.4,5,97,92,19.4,0.45499999999999996,193,0,7,0.9650000000000001,0.965
speed,8.0,7,"Kalman, max_age=30",0.2340966921119593,0.23834196891191708,0.23,107,3,21.4,5,87,82,17.4,0.43000000000000005,193,0,7,0.9650000000000001,0.965
occlusion_duration,0.0,0,"ingênuo, max_age=5",0.9773299748110831,0.9847715736040609,0.97,1,1,0.2,5,6,1,1.2,0.98,197,0,3,0.985,0.985
occlusion_duration,0.0,0,"ingênuo, max_age=30",0.9773299748110831,0.9847715736040609,0.97,1,1,0.2,5,6,1,1.2,0.98,197,0,3,0.985,0.985
occlusion_duration,0.0,0,"Kalman, max_age=5",0.9924433249370277,1.0,0.985,0,1,0.0,5,5,0,1.0,0.985,197,0,3,0.985,0.985
occlusion_duration,0.0,0,"Kalman, max_age=30",0.9924433249370277,1.0,0.985,0,1,0.0,5,5,0,1.0,0.985,197,0,3,0.985,0.985
occlusion_duration,0.0,1,"ingênuo, max_age=5",0.9343434343434344,0.9438775510204082,0.925,1,1,0.2,5,6,1,1.2,0.975,196,0,4,0.9800000000000001,0.98
occlusion_duration,0.0,1,"ingênuo, max_age=30",0.9343434343434344,0.9438775510204082,0.925,1,1,0.2,5,6,1,1.2,0.975,196,0,4,0.9800000000000001,0.98
occlusion_duration,0.0,1,"Kalman, max_age=5",0.9343434343434344,0.9438775510204082,0.925,1,1,0.2,5,6,1,1.2,0.975,196,0,4,0.9800000000000001,0.98
occlusion_duration,0.0,1,"Kalman, max_age=30",0.9343434343434344,0.9438775510204082,0.925,1,1,0.2,5,6,1,1.2,0.975,196,0,4,0.9800000000000001,0.98
occlusion_duration,0.0,2,"ingênuo, max_age=5",1.0,1.0,1.0,0,0,0.0,5,5,0,1.0,1.0,200,0,0,1.0,1.0
occlusion_duration,0.0,2,"ingênuo, max_age=30",1.0,1.0,1.0,0,0,0.0,5,5,0,1.0,1.0,200,0,0,1.0,1.0
occlusion_duration,0.0,2,"Kalman, max_age=5",1.0,1.0,1.0,0,0,0.0,5,5,0,1.0,1.0,200,0,0,1.0,1.0
occlusion_duration,0.0,2,"Kalman, max_age=30",1.0,1.0,1.0,0,0,0.0,5,5,0,1.0,1.0,200,0,0,1.0,1.0
occlusion_duration,0.0,3,"ingênuo, max_age=5",0.9949748743718593,1.0,0.99,0,0,0.0,5,5,0,1.0,0.99,198,0,2,0.99,0.99
occlusion_duration,0.0,3,"ingênuo, max_age=30",0.9949748743718593,1.0,0.99,0,0,0.0,5,5,0,1.0,0.99,198,0,2,0.99,0.99
occlusion_duration,0.0,3,"Kalman, max_age=5",0.9949748743718593,1.0,0.99,0,0,0.0,5,5,0,1.0,0.99,198,0,2,0.99,0.99
occlusion_duration,0.0,3,"Kalman, max_age=30",0.9949748743718593,1.0,0.99,0,0,0.0,5,5,0,1.0,0.99,198,0,2,0.99,0.99
occlusion_duration,0.0,4,"ingênuo, max_age=5",0.9642857142857143,0.984375,0.945,1,1,0.2,5,6,1,1.2,0.955,192,0,8,0.9600000000000002,0.96
occlusion_duration,0.0,4,"ingênuo, max_age=30",0.9642857142857143,0.984375,0.945,1,1,0.2,5,6,1,1.2,0.955,192,0,8,0.9600000000000002,0.96
occlusion_duration,0.0,4,"Kalman, max_age=5",0.9132653061224489,0.9322916666666666,0.895,2,1,0.4,5,7,2,1.4,0.95,192,0,8,0.9600000000000002,0.96
occlusion_duration,0.0,4,"Kalman, max_age=30",0.9285714285714286,0.9479166666666666,0.91,1,1,0.2,5,6,1,1.2,0.955,192,0,8,0.9600000000000002,0.96
occlusion_duration,0.0,5,"ingênuo, max_age=5",0.9620253164556962,0.9743589743589743,0.95,1,1,0.2,5,6,1,1.2,0.97,195,0,5,0.975,0.975
occlusion_duration,0.0,5,"ingênuo, max_age=30",0.9620253164556962,0.9743589743589743,0.95,1,1,0.2,5,6,1,1.2,0.97,195,0,5,0.975,0.975
occlusion_duration,0.0,5,"Kalman, max_age=5",0.9620253164556962,0.9743589743589743,0.95,1,1,0.2,5,6,1,1.2,0.97,195,0,5,0.975,0.975
occlusion_duration,0.0,5,"Kalman, max_age=30",0.9620253164556962,0.9743589743589743,0.95,1,1,0.2,5,6,1,1.2,0.97,195,0,5,0.975,0.975
occlusion_duration,0.0,6,"ingênuo, max_age=5",0.9411764705882353,0.9633507853403142,0.92,1,1,0.2,5,6,1,1.2,0.95,191,0,9,0.9549999999999998,0.955
occlusion_duration,0.0,6,"ingênuo, max_age=30",0.9411764705882353,0.9633507853403142,0.92,1,1,0.2,5,6,1,1.2,0.95,191,0,9,0.9549999999999998,0.955
occlusion_duration,0.0,6,"Kalman, max_age=5",0.9411764705882353,0.9633507853403142,0.92,1,1,0.2,5,6,1,1.2,0.95,191,0,9,0.9549999999999998,0.955
occlusion_duration,0.0,6,"Kalman, max_age=30",0.9769820971867008,1.0,0.955,0,1,0.0,5,5,0,1.0,0.955,191,0,9,0.9549999999999998,0.955
occlusion_duration,0.0,7,"ingênuo, max_age=5",1.0,1.0,1.0,0,0,0.0,5,5,0,1.0,1.0,200,0,0,1.0,1.0
occlusion_duration,0.0,7,"ingênuo, max_age=30",1.0,1.0,1.0,0,0,0.0,5,5,0,1.0,1.0,200,0,0,1.0,1.0
occlusion_duration,0.0,7,"Kalman, max_age=5",1.0,1.0,1.0,0,0,0.0,5,5,0,1.0,1.0,200,0,0,1.0,1.0
occlusion_duration,0.0,7,"Kalman, max_age=30",1.0,1.0,1.0,0,0,0.0,5,5,0,1.0,1.0,200,0,0,1.0,1.0
occlusion_duration,3.0,0,"ingênuo, max_age=5",0.8681318681318682,0.9080459770114943,0.8315789473684211,2,2,0.4,5,7,2,1.4,0.9052631578947369,174,0,16,0.9157894736842105,0.9157894736842105
occlusion_duration,3.0,0,"ingênuo, max_age=30",0.8681318681318682,0.9080459770114943,0.8315789473684211,2,2,0.4,5,7,2,1.4,0.9052631578947369,174,0,16,0.9157894736842105,0.9157894736842105
occlusion_duration,3.0,0,"Kalman, max_age=5",0.9010989010989011,0.9425287356321839,0.8631578947368421,1,2,0.2,5,6,1,1.2,0.9105263157894736,174,0,16,0.9157894736842105,0.9157894736842105
occlusion_duration,3.0,0,"Kalman, max_age=30",0.9560439560439561,1.0,0.9157894736842105,0,2,0.0,5,5,0,1.0,0.9157894736842105,174,0,16,0.9157894736842105,0.9157894736842105
occlusion_duration,3.0,1,"ingênuo, max_age=5",0.8212290502793296,0.8647058823529412,0.7819148936170213,4,3,0.8,5,9,4,1.8,0.8829787234042553,170,0,18,0.9042553191489361,0.9042553191489362
occlusion_duration,3.0,1,"ingênuo, max_age=30",0.8212290502793296,0.8647058823529412,0.7819148936170213,4,3,0.8,5,9,4,1.8,0.8829787234042553,170,0,18,0.9042553191489361,0.9042553191489362
occlusion_duration,3.0,1,"Kalman, max_age=5",0.8379888268156425,0.8823529411764706,0.7978723404255319,3,3,0.6,5,8,3,1.6,0.8882978723404256,170,0,18,0.9042553191489361,0.9042553191489362
occlusion_duration,3.0,1,"Kalman, max_age=30",0.8994413407821229,0.9470588235294117,0.8563829787234043,2,3,0.4,5,7,2,1.4,0.8936170212765957,170,0,18,0.9042553191489361,0.9042553191489362
occlusion_duration,3.0,2,"ingênuo, max_age=5",0.8521739130434782,0.91875,0.7945945945945946,2,3,0.4,5,7,2,1.4,0.854054054054054,160,0,25,0.8648648648648649,0.8648648648648649
occlusion_duration,3.0,2,"ingênuo, max_age=30",0.8521739130434782,0.91875,0.7945945945945946,2,3,0.4,5,7,2,1.4,0.854054054054054,160,0,25,0.8648648648648649,0.8648648648648649
occlusion_duration,3.0,2,"Kalman, max_age=5",0.8463768115942029,0.9125,0.7891891891891892,3,3,0.6,5,8,3,1.6,0.8486486486486486,160,0,25,0.8648648648648649,0.8648648648648649
occlusion_duration,3.0,2,"Kalman, max_age=30",0.881159420289855,0.95,0.8216216216216217,2,3,0.4,5,7,2,1.4,0.854054054054054,160,0,25,0.8648648648648649,0.8648648648648649
occlusion_duration,3.0,3,"ingênuo, max_age=5",0.8981723237597912,0.9398907103825137,0.86,2,3,0.4,5,7,2,1.4,0.905,183,0,17,0.9149999999999998,0.915
occlusion_duration,3.0,3,"ingênuo, max_age=30",0.8459530026109661,0.8852459016393442,0.81,3,3,0.6,5,7,2,1.4,0.9,183,0,17,0.9149999999999998,0.915
occlusion_duration,3.0,3,"Kalman, max_age=5",0.8981723237597912,0.9398907103825137,0.86,1,3,0.2,5,6,1,1.2,0.91,183,0,17,0.9149999999999998,0.915
occlusion_duration,3.0,3,"Kalman, max_age=30",0.8981723237597912,0.9398907103825137,0.86,1,3,0.2,5,6,1,1.2,0.91,183,0,17,0.9149999999999998,0.915
occlusion_duration,3.0,4,"ingênuo, max_age=5",0.9295039164490861,0.9726775956284153,0.89,1,1,0.2,5,6,1,1.2,0.91,183,0,17,0.9149999999999998,0.915
occlusion_duration,3.0,4,"ingênuo, max_age=30",0.9295039164490861,0.9726775956284153,0.89,1,1,0.2,5,6,1,1.2,0.91,183,0,17,0.9149999999999998,0.915
occlusion_duration,3.0,4,"Kalman, max_age=5",0.8772845953002611,0.9180327868852459,0.84,2,1,0.4,5,7,2,1.4,0.905,183,0,17,0.9149999999999998,0.915
occlusion_duration,3.0,4,"Kalman, max_age=30",0.8772845953002611,0.9180327868852459,0.84,2,1,0.4,5,7,2,1.4,0.905,183,0,17,0.9149999999999998,0.915
occlusion_duration,3.0,5,"ingênuo, max_age=5",0.8733850129198967,0.9037433155080213,0.845,2,1,0.4,5,7,2,1.4,0.925,187,0,13,0.9350000000000002,0.935
occlusion_duration,3.0,5,"ingênuo, max_age=30",0.8733850129198967,0.9037433155080213,0.845,2,1,0.4,5,7,2,1.4,0.925,187,0,13,0.9350000000000002,0.935
occlusion_duration,3.0,5,"Kalman, max_age=5",0.8733850129198967,0.9037433155080213,0.845,3,1,0.6,5,8,3,1.6,0.92,187,0,13,0.9350000000000002,0.935
occlusion_duration,3.0,5,"Kalman, max_age=30",0.9405684754521964,0.9732620320855615,0.91,2,1,0.4,5,7,2,1.4,0.925,187,0,13,0.9350000000000002,0.935
occlusion_duration,3.0,6,"ingênuo, max_age=5",0.927461139896373,0.9623655913978495,0.895,2,2,0.4,5,7,2,1.4,0.92,186,0,14,0.93,0.93
occlusion_duration,3.0,6,"ingênuo, max_age=30",0.927461139896373,0.9623655913978495,0.895,2,2,0.4,5,7,2,1.4,0.92,186,0,14,0.93,0.93
occlusion_duration,3.0,6,"Kalman, max_age=5",0.927461139896373,0.9623655913978495,0.895,1,2,0.2,5,6,1,1.2,0.925,186,0,14,0.93,0.93
occlusion_duration,3.0,6,"Kalman, max_age=30",0.927461139896373,0.9623655913978495,0.895,1,2,0.2,5,6,1,1.2,0.925,186,0,14,0.93,0.93
occlusion_duration,3.0,7,"ingênuo, max_age=5",0.8372093023255814,0.8663101604278075,0.81,2,2,0.4,5,7,2,1.4,0.925,187,0,13,0.9350000000000002,0.935
occlusion_duration,3.0,7,"ingênuo, max_age=30",0.8372093023255814,0.8663101604278075,0.81,2,2,0.4,5,7,2,1.4,0.925,187,0,13,0.9350000000000002,0.935
occlusion_duration,3.0,7,"Kalman, max_age=5",0.8113695090439277,0.839572192513369,0.785,2,2,0.4,5,7,2,1.4,0.925,187,0,13,0.9350000000000002,0.935
occlusion_duration,3.0,7,"Kalman, max_age=30",0.8682170542635659,0.8983957219251337,0.84,1,2,0.2,5,6,1,1.2,0.9299999999999999,187,0,13,0.9350000000000002,0.935
occlusion_duration,6.0,0,"ingênuo, max_age=5",0.8650137741046832,0.9127906976744186,0.8219895287958116,2,2,0.4,5,7,2,1.4,0.8900523560209423,172,0,19,0.900523560209424,0.900523560209424
occlusion_duration,6.0,0,"ingênuo, max_age=30",0.8650137741046832,0.9127906976744186,0.8219895287958116,2,2,0.4,5,7,2,1.4,0.8900523560209423,172,0,19,0.900523560209424,0.900523560209424
occlusion_duration,6.0,0,"Kalman, max_age=5",0.8925619834710744,0.9418604651162791,0.8481675392670157,2,2,0.4,5,7,2,1.4,0.8900523560209423,172,0,19,0.900523560209424,0.900523560209424
occlusion_duration,6.0,0,"Kalman, max_age=30",0.9421487603305785,0.9941860465116279,0.8952879581151832,1,2,0.2,5,6,1,1.2,0.8952879581151832,172,0,19,0.900523560209424,0.900523560209424
occlusion_duration,6.0,1,"ingênuo, max_age=5",0.8166666666666667,0.8647058823529412,0.7736842105263158,4,3,0.8,5,9,4,1.8,0.8736842105263158,170,0,20,0.8947368421052632,0.8947368421052632
occlusion_duration,6.0,1,"ingênuo, max_age=30",0.8166666666666667,0.8647058823529412,0.7736842105263158,4,3,0.8,5,9,4,1.8,0.8736842105263158,170,0,20,0.8947368421052632,0.8947368421052632
occlusion_duration,6.0,1,"Kalman, max_age=5",0.8388888888888889,0.888235294117647,0.7947368421052632,3,3,0.6,5,8,3,1.6,0.8789473684210526,170,0,20,0.8947368421052632,0.8947368421052632
occlusion_duration,6.0,1,"Kalman, max_age=30",0.8388888888888889,0.888235294117647,0.7947368421052632,3,3,0.6,5,8,3,1.6,0.8789473684210526,170,0,20,0.8947368421052632,0.8947368421052632
occlusion_duration,6.0,2,"ingênuo, max_age=5",0.8472622478386167,0.9130434782608695,0.7903225806451613,3,3,0.6,5,8,3,1.6,0.8494623655913979,161,0,25,0.8655913978494624,0.8655913978494624
occlusion_duration,6.0,2,"ingênuo, max_age=30",0.8472622478386167,0.9130434782608695,0.7903225806451613,3,3,0.6,5,8,3,1.6,0.8494623655913979,161,0,25,0.8655913978494624,0.8655913978494624
occlusion_duration,6.0,2,"Kalman, max_age=5",0.8472622478386167,0.9130434782608695,0.7903225806451613,3,3,0.6,5,8,3,1.6,0.8494623655913979,161,0,25,0.8655913978494624,0.8655913978494624
occlusion_duration,6.0,2,"Kalman, max_age=30",0.8818443804034583,0.9503105590062112,0.8225806451612904,2,3,0.4,5,7,2,1.4,0.8548387096774194,161,0,25,0.8655913978494624,0.8655913978494624
occlusion_duration,6.0,3,"ingênuo, max_age=5",0.8976377952755905,0.9447513812154696,0.855,2,3,0.4,5,7,2,1.4,0.895,181,0,19,0.9049999999999999,0.905
occlusion_duration,6.0,3,"ingênuo, max_age=30",0.8451443569553806,0.8895027624309392,0.805,3,3,0.6,5,7,2,1.4,0.89,181,0,19,0.9049999999999999,0.905
occlusion_duration,6.0,3,"Kalman, max_age=5",0.8976377952755905,0.9447513812154696,0.855,1,3,0.2,5,6,1,1.2,0.9,181,0,19,0.9049999999999999,0.905
occlusion_duration,6.0,3,"Kalman, max_age=30",0.8976377952755905,0.9447513812154696,0.855,1,3,0.2,5,6,1,1.2,0.9,181,0,19,0.9049999999999999,0.905
occlusion_duration,6.0,4,"ingênuo, max_age=5",0.9242819843342036,0.9672131147540983,0.885,1,1,0.2,5,6,1,1.2,0.91,183,0,17,0.9149999999999998,0.915
occlusion_duration,6.0,4,"ingênuo, max_age=30",0.9242819843342036,0.9672131147540983,0.885,1,1,0.2,5,6,1,1.2,0.91,183,0,17,0.9149999999999998,0.915
occlusion_duration,6.0,4,"Kalman, max_age=5",0.8720626631853786,0.912568306010929,0.835,2,1,0.4,5,7,2,1.4,0.905,183,0,17,0.9149999999999998,0.915
occlusion_duration,6.0,4,"Kalman, max_age=30",0.8720626631853786,0.912568306010929,0.835,2,1,0.4,5,7,2,1.4,0.905,183,0,17,0.9149999999999998,0.915
occlusion_duration,6.0,5,"ingênuo, max_age=5",0.8756476683937824,0.9086021505376344,0.845,2,1,0.4,5,7,2,1.4,0.92,186,0,14,0.93,0.93
occlusion_duration,6.0,5,"ingênuo, max_age=30",0.8756476683937824,0.9086021505376344,0.845,2,1,0.4,5,7,2,1.4,0.92,186,0,14,0.93,0.93
occlusion_duration,6.0,5,"Kalman, max_age=5",0.8808290155440415,0.9139784946236559,0.85,2,1,0.4,5,7,2,1.4,0.92,186,0,14,0.93,0.93
occlusion_duration,6.0,5,"Kalman, max_age=30",0.9430051813471503,0.978494623655914,0.91,1,1,0.2,5,6,1,1.2,0.925,186,0,14,0.93,0.93
occlusion_duration,6.0,6,"ingênuo, max_age=5",0.9246753246753247,0.9621621621621622,0.89,2,2,0.4,5,7,2,1.4,0.915,185,0,15,0.9250000000000002,0.925
occlusion_duration,6.0,6,"ingênuo, max_age=30",0.9246753246753247,0.9621621621621622,0.89,2,2,0.4,5,7,2,1.4,0.915,185,0,15,0.9250000000000002,0.925
occlusion_duration,6.0,6,"Kalman, max_age=5",0.9246753246753247,0.9621621621621622,0.89,1,2,0.2,5,6,1,1.2,0.92,185,0,15,0.9250000000000002,0.925
occlusion_duration,6.0,6,"Kalman, max_age=30",0.9246753246753247,0.9621621621621622,0.89,1,2,0.2,5,6,1,1.2,0.92,185,0,15,0.9250000000000002,0.925
occlusion_duration,6.0,7,"ingênuo, max_age=5",0.8333333333333334,0.8695652173913043,0.8,2,2,0.4,5,7,2,1.4,0.91,184,0,16,0.9200000000000002,0.92
occlusion_duration,6.0,7,"ingênuo, max_age=30",0.8333333333333334,0.8695652173913043,0.8,2,2,0.4,5,7,2,1.4,0.91,184,0,16,0.9200000000000002,0.92
occlusion_duration,6.0,7,"Kalman, max_age=5",0.8072916666666666,0.842391304347826,0.775,2,2,0.4,5,7,2,1.4,0.91,184,0,16,0.9200000000000002,0.92
occlusion_duration,6.0,7,"Kalman, max_age=30",0.859375,0.8967391304347826,0.825,1,2,0.2,5,6,1,1.2,0.915,184,0,16,0.9200000000000002,0.92
occlusion_duration,10.0,0,"ingênuo, max_age=5",0.8415300546448088,0.9005847953216374,0.7897435897435897,5,2,1.0,5,10,5,2.0,0.8512820512820513,171,0,24,0.876923076923077,0.8769230769230769
occlusion_duration,10.0,0,"ingênuo, max_age=30",0.8415300546448088,0.9005847953216374,0.7897435897435897,5,2,1.0,5,10,5,2.0,0.8512820512820513,171,0,24,0.876923076923077,0.8769230769230769
occlusion_duration,10.0,0,"Kalman, max_age=5",0.8743169398907104,0.935672514619883,0.8205128205128205,4,2,0.8,5,9,4,1.8,0.8564102564102565,171,0,24,0.876923076923077,0.8769230769230769
occlusion_duration,10.0,0,"Kalman, max_age=30",0.912568306010929,0.9766081871345029,0.8564102564102564,3,2,0.6,5,8,3,1.6,0.8615384615384616,171,0,24,0.876923076923077,0.8769230769230769
occlusion_duration,10.0,1,"ingênuo, max_age=5",0.8247978436657682,0.8793103448275862,0.7766497461928934,5,3,1.0,5,9,4,1.8,0.8578680203045685,174,0,23,0.883248730964467,0.883248730964467
occlusion_duration,10.0,1,"ingênuo, max_age=30",0.8247978436657682,0.8793103448275862,0.7766497461928934,5,3,1.0,5,9,4,1.8,0.8578680203045685,174,0,23,0.883248730964467,0.883248730964467
occlusion_duration,10.0,1,"Kalman, max_age=5",0.8409703504043127,0.896551724137931,0.7918781725888325,2,3,0.4,5,7,2,1.4,0.8730964467005076,174,0,23,0.883248730964467,0.883248730964467
occlusion_duration,10.0,1,"Kalman, max_age=30",0.8409703504043127,0.896551724137931,0.7918781725888325,2,3,0.4,5,7,2,1.4,0.8730964467005076,174,0,23,0.883248730964467,0.883248730964467
occlusion_duration,10.0,2,"ingênuo, max_age=5",0.7956403269754768,0.863905325443787,0.7373737373737373,6,3,1.2,5,10,5,2.0,0.8232323232323232,169,0,29,0.8535353535353535,0.8535353535353535
occlusion_duration,10.0,2,"ingênuo, max_age=30",0.7956403269754768,0.863905325443787,0.7373737373737373,6,3,1.2,5,10,5,2.0,0.8232323232323232,169,0,29,0.8535353535353535,0.8535353535353535
occlusion_duration,10.0,2,"Kalman, max_age=5",0.7956403269754768,0.863905325443787,0.7373737373737373,5,3,1.0,5,10,5,2.0,0.8282828282828283,169,0,29,0.8535353535353535,0.8535353535353535
occlusion_duration,10.0,2,"Kalman, max_age=30",0.8119891008174387,0.8816568047337278,0.7525252525252525,4,3,0.8,5,9,4,1.8,0.8333333333333334,169,0,29,0.8535353535353535,0.8535353535353535
occlusion_duration,10.0,3,"ingênuo, max_age=5",0.8488063660477454,0.903954802259887,0.8,3,3,0.6,5,7,2,1.4,0.87,177,0,23,0.885,0.885
occlusion_duration,10.0,3,"ingênuo, max_age=30",0.8488063660477454,0.903954802259887,0.8,3,3,0.6,5,7,2,1.4,0.87,177,0,23,0.885,0.885
occlusion_duration,10.0,3,"Kalman, max_age=5",0.896551724137931,0.9548022598870056,0.845,1,3,0.2,5,6,1,1.2,0.88,177,0,23,0.885,0.885
occlusion_duration,10.0,3,"Kalman, max_age=30",0.896551724137931,0.9548022598870056,0.845,1,3,0.2,5,6,1,1.2,0.88,177,0,23,0.885,0.885
occlusion_duration,10.0,4,"ingênuo, max_age=5",0.9210526315789473,0.9722222222222222,0.875,1,1,0.2,5,6,1,1.2,0.895,180,0,20,0.9,0.9
occlusion_duration,10.0,4,"ingênuo, max_age=30",0.9210526315789473,0.9722222222222222,0.875,1,1,0.2,5,6,1,1.2,0.895,180,0,20,0.9,0.9
occlusion_duration,10.0,4,"Kalman, max_age=5",0.868421052631579,0.9166666666666666,0.825,2,1,0.4,5,7,2,1.4,0.89,180,0,20,0.9,0.9
occlusion_duration,10.0,4,"Kalman, max_age=30",0.868421052631579,0.9166666666666666,0.825,2,1,0.4,5,7,2,1.4,0.89,180,0,20,0.9,0.9
occlusion_duration,10.0,5,"ingênuo, max_age=5",0.8976377952755905,0.9447513812154696,0.855,1,1,0.2,5,6,1,1.2,0.9,181,0,19,0.9049999999999999,0.905
occlusion_duration,10.0,5,"ingênuo, max_age=30",0.8976377952755905,0.9447513812154696,0.855,1,1,0.2,5,6,1,1.2,0.9,181,0,19,0.9049999999999999,0.905
occlusion_duration,10.0,5,"Kalman, max_age=5",0.8818897637795275,0.9281767955801105,0.84,2,1,0.4,5,7,2,1.4,0.895,181,0,19,0.9049999999999999,0.905
occlusion_duration,10.0,5,"Kalman, max_age=30",0.9343832020997376,0.9834254143646409,0.89,1,1,0.2,5,6,1,1.2,0.9,181,0,19,0.9049999999999999,0.905
occlusion_duration,10.0,6,"ingênuo, max_age=5",0.9186351706036745,0.9668508287292817,0.875,2,2,0.4,5,7,2,1.4,0.895,181,0,19,0.9049999999999999,0.905
occlusion_duration,10.0,6,"ingênuo, max_age=30",0.9186351706036745,0.9668508287292817,0.875,2,2,0.4,5,7,2,1.4,0.895,181,0,19,0.9049999999999999,0.905
occlusion_duration,10.0,6,"Kalman, max_age=5",0.9186351706036745,0.9668508287292817,0.875,1,2,0.2,5,6,1,1.2,0.9,181,0,19,0.9049999999999999,0.905
occlusion_duration,10.0,6,"Kalman, max_age=30",0.9186351706036745,0.9668508287292817,0.875,1,2,0.2,5,6,1,1.2,0.9,181,0,19,0.9049999999999999,0.905
occlusion_duration,10.0,7,"ingênuo, max_age=5",0.8263157894736842,0.8722222222222222,0.785,2,2,0.4,5,7,2,1.4,0.89,180,0,20,0.9,0.9
occlusion_duration,10.0,7,"ingênuo, max_age=30",0.8263157894736842,0.8722222222222222,0.785,2,2,0.4,5,7,2,1.4,0.89,180,0,20,0.9,0.9
occlusion_duration,10.0,7,"Kalman, max_age=5",0.8,0.8444444444444444,0.76,2,2,0.4,5,7,2,1.4,0.89,180,0,20,0.9,0.9
occlusion_duration,10.0,7,"Kalman, max_age=30",0.8473684210526315,0.8944444444444445,0.805,1,2,0.2,5,6,1,1.2,0.895,180,0,20,0.9,0.9
occlusion_duration,15.0,0,"ingênuo, max_age=5",0.8602150537634409,0.9302325581395349,0.8,2,2,0.4,5,7,2,1.4,0.85,172,0,28,0.86,0.86
occlusion_duration,15.0,0,"ingênuo, max_age=30",0.8602150537634409,0.9302325581395349,0.8,2,2,0.4,5,7,2,1.4,0.85,172,0,28,0.86,0.86
occlusion_duration,15.0,0,"Kalman, max_age=5",0.8548387096774194,0.9244186046511628,0.795,2,2,0.4,5,7,2,1.4,0.85,172,0,28,0.86,0.86
occlusion_duration,15.0,0,"Kalman, max_age=30",0.8870967741935484,0.9593023255813954,0.825,1,2,0.2,5,6,1,1.2,0.855,172,0,28,0.86,0.86
occlusion_duration,15.0,1,"ingênuo, max_age=5",0.8739946380697051,0.9421965317919075,0.815,2,3,0.4,5,7,2,1.4,0.855,173,0,27,0.865,0.865
occlusion_duration,15.0,1,"ingênuo, max_age=30",0.8739946380697051,0.9421965317919075,0.815,2,3,0.4,5,7,2,1.4,0.855,173,0,27,0.865,0.865
occlusion_duration,15.0,1,"Kalman, max_age=5",0.8310991957104558,0.8959537572254336,0.775,2,3,0.4,5,7,2,1.4,0.855,173,0,27,0.865,0.865
occlusion_duration,15.0,1,"Kalman, max_age=30",0.8310991957104558,0.8959537572254336,0.775,2,3,0.4,5,7,2,1.4,0.855,173,0,27,0.865,0.865
occlusion_duration,15.0,2,"ingênuo, max_age=5",0.8767123287671232,0.9696969696969697,0.8,1,3,0.2,5,6,1,1.2,0.8200000000000001,165,0,35,0.825,0.825
occlusion_duration,15.0,2,"ingênuo, max_age=30",0.8767123287671232,0.9696969696969697,0.8,1,3,0.2,5,6,1,1.2,0.8200000000000001,165,0,35,0.825,0.825
occlusion_duration,15.0,2,"Kalman, max_age=5",0.810958904109589,0.896969696969697,0.74,2,3,0.4,5,7,2,1.4,0.815,165,0,35,0.825,0.825
occlusion_duration,15.0,2,"Kalman, max_age=30",0.810958904109589,0.896969696969697,0.74,2,3,0.4,5,6,1,1.2,0.815,165,0,35,0.825,0.825
occlusion_duration,15.0,3,"ingênuo, max_age=5",0.9002695417789758,0.9766081871345029,0.835,1,2,0.2,5,6,1,1.2,0.85,171,0,29,0.8550000000000001,0.855
occlusion_duration,15.0,3,"ingênuo, max_age=30",0.9002695417789758,0.9766081871345029,0.835,1,2,0.2,5,6,1,1.2,0.85,171,0,29,0.8550000000000001,0.855
occlusion_duration,15.0,3,"Kalman, max_age=5",0.9002695417789758,0.9766081871345029,0.835,1,2,0.2,5,6,1,1.2,0.85,171,0,29,0.8550000000000001,0.855
occlusion_duration,15.0,3,"Kalman, max_age=30",0.8140161725067385,0.8830409356725146,0.755,2,2,0.4,5,6,1,1.2,0.845,171,0,29,0.8550000000000001,0.855
occlusion_duration,15.0,4,"ingênuo, max_age=5",0.9148936170212766,0.9772727272727273,0.86,1,1,0.2,5,6,1,1.2,0.875,176,0,24,0.8800000000000001,0.88
occlusion_duration,15.0,4,"ingênuo, max_age=30",0.9148936170212766,0.9772727272727273,0.86,1,1,0.2,5,6,1,1.2,0.875,176,0,24,0.8800000000000001,0.88
occlusion_duration,15.0,4,"Kalman, max_age=5",0.8617021276595744,0.9204545454545454,0.81,2,1,0.4,5,7,2,1.4,0.87,176,0,24,0.8800000000000001,0.88
occlusion_duration,15.0,4,"Kalman, max_age=30",0.8617021276595744,0.9204545454545454,0.81,2,1,0.4,5,7,2,1.4,0.87,176,0,24,0.8800000000000001,0.88
occlusion_duration,15.0,5,"ingênuo, max_age=5",0.896551724137931,0.9548022598870056,0.845,1,1,0.2,5,6,1,1.2,0.88,177,0,23,0.885,0.885
occlusion_duration,15.0,5,"ingênuo, max_age=30",0.896551724137931,0.9548022598870056,0.845,1,1,0.2,5,6,1,1.2,0.88,177,0,23,0.885,0.885
occlusion_duration,15.0,5,"Kalman, max_age=5",0.896551724137931,0.9548022598870056,0.845,1,1,0.2,5,6,1,1.2,0.88,177,0,23,0.885,0.885
occlusion_duration,15.0,5,"Kalman, max_age=30",0.896551724137931,0.9548022598870056,0.845,1,1,0.2,5,6,1,1.2,0.88,177,0,23,0.885,0.885
occlusion_duration,15.0,6,"ingênuo, max_age=5",0.9148936170212766,0.9772727272727273,0.86,2,2,0.4,5,7,2,1.4,0.87,176,0,24,0.8800000000000001,0.88
occlusion_duration,15.0,6,"ingênuo, max_age=30",0.9148936170212766,0.9772727272727273,0.86,2,2,0.4,5,7,2,1.4,0.87,176,0,24,0.8800000000000001,0.88
occlusion_duration,15.0,6,"Kalman, max_age=5",0.9148936170212766,0.9772727272727273,0.86,1,2,0.2,5,6,1,1.2,0.875,176,0,24,0.8800000000000001,0.88
occlusion_duration,15.0,6,"Kalman, max_age=30",0.9148936170212766,0.9772727272727273,0.86,1,2,0.2,5,6,1,1.2,0.875,176,0,24,0.8800000000000001,0.88
occlusion_duration,15.0,7,"ingênuo, max_age=5",0.8213333333333334,0.88,0.77,2,2,0.4,5,7,2,1.4,0.865,175,0,25,0.875,0.875
occlusion_duration,15.0,7,"ingênuo, max_age=30",0.8213333333333334,0.88,0.77,2,2,0.4,5,7,2,1.4,0.865,175,0,25,0.875,0.875
occlusion_duration,15.0,7,"Kalman, max_age=5",0.7946666666666666,0.8514285714285714,0.745,2,2,0.4,5,7,2,1.4,0.865,175,0,25,0.875,0.875
occlusion_duration,15.0,7,"Kalman, max_age=30",0.832,0.8914285714285715,0.78,1,2,0.2,5,6,1,1.2,0.87,175,0,25,0.875,0.875
occlusion_duration,25.0,0,"ingênuo, max_age=5",0.850828729281768,0.9506172839506173,0.77,2,2,0.4,5,7,2,1.4,0.8,162,0,38,0.8100000000000002,0.81
occlusion_duration,25.0,0,"ingênuo, max_age=30",0.850828729281768,0.9506172839506173,0.77,2,2,0.4,5,7,2,1.4,0.8,162,0,38,0.8100000000000002,0.81
occlusion_duration,25.0,0,"Kalman, max_age=5",0.8839779005524862,0.9876543209876543,0.8,1,2,0.2,5,6,1,1.2,0.8049999999999999,162,0,38,0.8100000000000002,0.81
occlusion_duration,25.0,0,"Kalman, max_age=30",0.8839779005524862,0.9876543209876543,0.8,1,2,0.2,5,6,1,1.2,0.8049999999999999,162,0,38,0.8100000000000002,0.81
occlusion_duration,25.0,1,"ingênuo, max_age=5",0.8743169398907104,0.963855421686747,0.8,2,2,0.4,5,7,2,1.4,0.8200000000000001,166,0,34,0.8299999999999998,0.83
occlusion_duration,25.0,1,"ingênuo, max_age=30",0.8743169398907104,0.963855421686747,0.8,2,2,0.4,5,7,2,1.4,0.8200000000000001,166,0,34,0.8299999999999998,0.83
occlusion_duration,25.0,1,"Kalman, max_age=5",0.8852459016393442,0.9759036144578314,0.81,1,2,0.2,5,6,1,1.2,0.825,166,0,34,0.8299999999999998,0.83
occlusion_duration,25.0,1,"Kalman, max_age=30",0.8852459016393442,0.9759036144578314,0.81,1,2,0.2,5,6,1,1.2,0.825,166,0,34,0.8299999999999998,0.83
occlusion_duration,25.0,2,"ingênuo, max_age=5",0.8357348703170029,0.9863945578231292,0.725,1,2,0.2,5,6,1,1.2,0.73,147,0,53,0.7350000000000001,0.735
occlusion_duration,25.0,2,"ingênuo, max_age=30",0.8357348703170029,0.9863945578231292,0.725,1,2,0.2,5,6,1,1.2,0.73,147,0,53,0.7350000000000001,0.735
occlusion_duration,25.0,2,"Kalman, max_age=5",0.8357348703170029,0.9863945578231292,0.725,1,2,0.2,5,6,1,1.2,0.73,147,0,53,0.7350000000000001,0.735
occlusion_duration,25.0,2,"Kalman, max_age=30",0.8357348703170029,0.9863945578231292,0.725,1,2,0.2,5,6,1,1.2,0.73,147,0,53,0.7350000000000001,0.735
occlusion_duration,25.0,3,"ingênuo, max_age=5",0.8876712328767123,0.9818181818181818,0.81,1,2,0.2,5,6,1,1.2,0.8200000000000001,165,0,35,0.825,0.825
occlusion_duration,25.0,3,"ingênuo, max_age=30",0.8876712328767123,0.9818181818181818,0.81,1,2,0.2,5,6,1,1.2,0.8200000000000001,165,0,35,0.825,0.825
occlusion_duration,25.0,3,"Kalman, max_age=5",0.8876712328767123,0.9818181818181818,0.81,1,2,0.2,5,6,1,1.2,0.8200000000000001,165,0,35,0.825,0.825
occlusion_duration,25.0,3,"Kalman, max_age=30",0.8493150684931506,0.9393939393939394,0.775,2,2,0.4,5,6,1,1.2,0.815,165,0,35,0.825,0.825
occlusion_duration,25.0,4,"ingênuo, max_age=5",0.8961748633879781,0.9879518072289156,0.82,1,1,0.2,5,6,1,1.2,0.825,166,0,34,0.8299999999999998,0.83
occlusion_duration,25.0,4,"ingênuo, max_age=30",0.8961748633879781,0.9879518072289156,0.82,1,1,0.2,5,6,1,1.2,0.825,166,0,34,0.8299999999999998,0.83
occlusion_duration,25.0,4,"Kalman, max_age=5",0.8415300546448088,0.927710843373494,0.77,2,1,0.4,5,7,2,1.4,0.8200000000000001,166,0,34,0.8299999999999998,0.83
occlusion_duration,25.0,4,"Kalman, max_age=30",0.8415300546448088,0.927710843373494,0.77,2,1,0.4,5,7,2,1.4,0.8200000000000001,166,0,34,0.8299999999999998,0.83
occlusion_duration,25.0,5,"ingênuo, max_age=5",0.8937329700272479,0.9820359281437125,0.82,1,1,0.2,5,6,1,1.2,0.83,167,0,33,0.835,0.835
occlusion_duration,25.0,5,"ingênuo, max_age=30",0.8937329700272479,0.9820359281437125,0.82,1,1,0.2,5,6,1,1.2,0.83,167,0,33,0.835,0.835
occlusion_duration,25.0,5,"Kalman, max_age=5",0.8937329700272479,0.9820359281437125,0.82,1,1,0.2,5,6,1,1.2,0.83,167,0,33,0.835,0.835
occlusion_duration,25.0,5,"Kalman, max_age=30",0.8937329700272479,0.9820359281437125,0.82,1,1,0.2,5,6,1,1.2,0.83,167,0,33,0.835,0.835
occlusion_duration,25.0,6,"ingênuo, max_age=5",0.9021739130434783,0.9880952380952381,0.83,1,1,0.2,5,6,1,1.2,0.835,168,0,32,0.8400000000000001,0.84
occlusion_duration,25.0,6,"ingênuo, max_age=30",0.9021739130434783,0.9880952380952381,0.83,1,1,0.2,5,6,1,1.2,0.835,168,0,32,0.8400000000000001,0.84
occlusion_duration,25.0,6,"Kalman, max_age=5",0.9021739130434783,0.9880952380952381,0.83,1,1,0.2,5,6,1,1.2,0.835,168,0,32,0.8400000000000001,0.84
occlusion_duration,25.0,6,"Kalman, max_age=30",0.9021739130434783,0.9880952380952381,0.83,1,1,0.2,5,6,1,1.2,0.835,168,0,32,0.8400000000000001,0.84
occlusion_duration,25.0,7,"ingênuo, max_age=5",0.810958904109589,0.896969696969697,0.74,2,2,0.4,5,7,2,1.4,0.815,165,0,35,0.825,0.825
occlusion_duration,25.0,7,"ingênuo, max_age=30",0.810958904109589,0.896969696969697,0.74,2,2,0.4,5,7,2,1.4,0.815,165,0,35,0.825,0.825
occlusion_duration,25.0,7,"Kalman, max_age=5",0.7835616438356164,0.8666666666666667,0.715,2,2,0.4,5,7,2,1.4,0.815,165,0,35,0.825,0.825
occlusion_duration,25.0,7,"Kalman, max_age=30",0.7835616438356164,0.8666666666666667,0.715,2,2,0.4,5,7,2,1.4,0.815,165,0,35,0.825,0.825
