sequence,split,source,IDF1,IDP,IDR,IDTP,IDFP,IDFN,IDSW,FRAG,IDSW_per_gt_id,n_gt_ids,n_pred_ids,count_error,id_ratio,MOTA,TP,FP,FN,mAP,AP@0.50,mAP (todas)
MOT17-02,treino,SDP público,0.42635404112340675,0.6632954545454546,0.31413809805715515,5837,2963,12744,250,703,4.032258064516129,62,199,137,3.2096774193548385,0.42193638663150534,8445,355,10136,0.2741543446441543,0.45091636670101176,0.2838176410510085
MOT17-04,treino,SDP público,0.690857485410881,0.8260195424492423,0.5937086023088084,28235,5947,19322,175,921,2.108433734939759,83,110,27,1.3253012048192772,0.7143638160523162,34165,17,13392,0.4980973550220688,0.7183701466246983,0.5227984907517278
MOT17-05,treino,SDP público,0.6162142728743484,0.8144452363981943,0.49559057394824346,3428,781,3489,135,236,1.0150375939849625,133,144,11,1.0827067669172932,0.5788636692207605,4174,35,2743,0.42394792529632036,0.6034711929296187,0.4434181943113069
MOT17-09,val,SDP público,0.5191577493959268,0.6702317290552585,0.4236619718309859,2256,1110,3069,66,127,2.5384615384615383,26,35,9,1.3461538461538463,0.6182159624413146,3362,4,1963,0.45498155606853474,0.6313477315910531,0.464053216645859
MOT17-10,val,SDP público,0.5014738560609496,0.6001953973078593,0.4306410156554249,5529,3683,7310,327,460,5.7368421052631575,57,185,128,3.245614035087719,0.6507516161694836,8947,265,3892,0.4088846862713802,0.6934529708635813,0.42441652726647605
MOT17-11,treino,SDP público,0.6399408830593016,0.7637806849919153,0.5506570580754557,5196,1607,4240,78,238,1.04,75,112,37,1.4933333333333334,0.6851420093259856,6673,130,2763,0.5053983979934076,0.7056699205765442,0.5208270785917736
MOT17-13,treino,SDP público,0.5046167538102125,0.7159090909090909,0.389623775983508,4536,1800,7106,407,210,3.7,110,314,204,2.8545454545454545,0.4457137948806047,5966,370,5676,0.2924950667417289,0.4932680986304354,0.3161094838807608
MOT17-02,treino,Faster R-CNN torchvision,0.42635404112340675,0.6632954545454546,0.31413809805715515,5837,2963,12744,250,703,4.032258064516129,62,199,137,3.2096774193548385,0.42193638663150534,8445,355,10136,0.2741543446441543,0.45091636670101176,0.2741625021645904
MOT17-04,treino,Faster R-CNN torchvision,0.690857485410881,0.8260195424492423,0.5937086023088084,28235,5947,19322,175,921,2.108433734939759,83,110,27,1.3253012048192772,0.7143638160523162,34165,17,13392,0.4980973550220688,0.7183701466246983,0.49809716317031383
MOT17-05,treino,Faster R-CNN torchvision,0.6162142728743484,0.8144452363981943,0.49559057394824346,3428,781,3489,135,236,1.0150375939849625,133,144,11,1.0827067669172932,0.5788636692207605,4174,35,2743,0.42394792529632036,0.6034711929296187,0.4239318660151546
MOT17-09,val,Faster R-CNN torchvision,0.5191577493959268,0.6702317290552585,0.4236619718309859,2256,1110,3069,66,127,2.5384615384615383,26,35,9,1.3461538461538463,0.6182159624413146,3362,4,1963,0.45498155606853474,0.6313477315910531,0.4549713871411523
MOT17-10,val,Faster R-CNN torchvision,0.5014738560609496,0.6001953973078593,0.4306410156554249,5529,3683,7310,327,460,5.7368421052631575,57,185,128,3.245614035087719,0.6507516161694836,8947,265,3892,0.4088846862713802,0.6934529708635813,0.40887941717968357
MOT17-11,treino,Faster R-CNN torchvision,0.6399408830593016,0.7637806849919153,0.5506570580754557,5196,1607,4240,78,238,1.04,75,112,37,1.4933333333333334,0.6851420093259856,6673,130,2763,0.5053983979934076,0.7056699205765442,0.505390322850226
MOT17-13,treino,Faster R-CNN torchvision,0.5046167538102125,0.7159090909090909,0.389623775983508,4536,1800,7106,407,210,3.7,110,314,204,2.8545454545454545,0.4457137948806047,5966,370,5676,0.2924950667417289,0.4932680986304354,0.2924833194132918
