sequence,frames,seconds
MOT17-02,19,0.6333333333333333
MOT17-02,165,5.5
MOT17-02,104,3.466666666666667
MOT17-02,38,1.2666666666666666
MOT17-02,93,3.1
MOT17-02,117,3.9
MOT17-02,30,1.0
MOT17-02,210,7.0
MOT17-02,70,2.3333333333333335
MOT17-02,27,0.9
MOT17-02,41,1.3666666666666667
MOT17-02,193,6.433333333333334
MOT17-02,11,0.36666666666666664
MOT17-02,142,4.733333333333333
MOT17-02,260,8.666666666666666
MOT17-02,97,3.2333333333333334
MOT17-02,279,9.3
MOT17-02,9,0.3
MOT17-02,98,3.2666666666666666
MOT17-02,10,0.3333333333333333
MOT17-02,5,0.16666666666666666
MOT17-02,52,1.7333333333333334
MOT17-02,72,2.4
MOT17-02,8,0.26666666666666666
MOT17-02,85,2.8333333333333335
MOT17-02,20,0.6666666666666666
MOT17-02,31,1.0333333333333334
MOT17-02,15,0.5
MOT17-02,14,0.4666666666666667
MOT17-02,10,0.3333333333333333
MOT17-02,20,0.6666666666666666
MOT17-02,20,0.6666666666666666
MOT17-02,58,1.9333333333333333
MOT17-02,18,0.6
MOT17-02,13,0.43333333333333335
MOT17-02,32,1.0666666666666667
MOT17-02,59,1.9666666666666666
MOT17-02,29,0.9666666666666667
MOT17-02,16,0.5333333333333333
MOT17-02,83,2.7666666666666666
MOT17-02,9,0.3
MOT17-02,19,0.6333333333333333
MOT17-02,12,0.4
MOT17-02,10,0.3333333333333333
MOT17-02,5,0.16666666666666666
MOT17-02,20,0.6666666666666666
MOT17-02,8,0.26666666666666666
MOT17-02,9,0.3
MOT17-02,1,0.03333333333333333
MOT17-02,120,4.0
MOT17-02,103,3.433333333333333
MOT17-02,9,0.3
MOT17-02,5,0.16666666666666666
MOT17-02,37,1.2333333333333334
MOT17-02,15,0.5
MOT17-02,6,0.2
MOT17-02,51,1.7
MOT17-02,21,0.7
MOT17-02,2,0.06666666666666667
MOT17-02,12,0.4
MOT17-02,15,0.5
MOT17-02,31,1.0333333333333334
MOT17-02,29,0.9666666666666667
MOT17-02,7,0.23333333333333334
MOT17-02,34,1.1333333333333333
MOT17-02,3,0.1
MOT17-02,10,0.3333333333333333
MOT17-02,83,2.7666666666666666
MOT17-02,11,0.36666666666666664
MOT17-02,68,2.2666666666666666
MOT17-02,108,3.6
MOT17-02,15,0.5
MOT17-02,138,4.6
MOT17-02,10,0.3333333333333333
MOT17-02,22,0.7333333333333333
MOT17-02,8,0.26666666666666666
MOT17-02,50,1.6666666666666667
MOT17-02,32,1.0666666666666667
MOT17-02,28,0.9333333333333333
MOT17-02,16,0.5333333333333333
MOT17-02,24,0.8
MOT17-02,73,2.433333333333333
MOT17-02,17,0.5666666666666667
MOT17-02,72,2.4
MOT17-02,74,2.466666666666667
MOT17-02,33,1.1
MOT17-02,25,0.8333333333333334
MOT17-02,4,0.13333333333333333
MOT17-02,69,2.3
MOT17-02,38,1.2666666666666666
MOT17-02,36,1.2
MOT17-02,44,1.4666666666666666
MOT17-02,21,0.7
MOT17-02,37,1.2333333333333334
MOT17-02,15,0.5
MOT17-02,13,0.43333333333333335
MOT17-02,10,0.3333333333333333
MOT17-02,167,5.566666666666666
MOT17-02,2,0.06666666666666667
MOT17-02,11,0.36666666666666664
MOT17-02,29,0.9666666666666667
MOT17-02,41,1.3666666666666667
MOT17-02,22,0.7333333333333333
MOT17-02,31,1.0333333333333334
MOT17-02,30,1.0
MOT17-02,24,0.8
MOT17-02,156,5.2
MOT17-02,2,0.06666666666666667
MOT17-02,238,7.933333333333334
MOT17-02,75,2.5
MOT17-02,107,3.566666666666667
MOT17-02,33,1.1
MOT17-02,6,0.2
MOT17-02,59,1.9666666666666666
MOT17-02,11,0.36666666666666664
MOT17-02,2,0.06666666666666667
MOT17-02,66,2.2
MOT17-04,5,0.16666666666666666
MOT17-04,19,0.6333333333333333
MOT17-04,8,0.26666666666666666
MOT17-04,5,0.16666666666666666
MOT17-04,27,0.9
MOT17-04,28,0.9333333333333333
MOT17-04,41,1.3666666666666667
MOT17-04,74,2.466666666666667
MOT17-04,27,0.9
MOT17-04,2,0.06666666666666667
MOT17-04,15,0.5
MOT17-04,71,2.3666666666666667
MOT17-04,11,0.36666666666666664
MOT17-04,11,0.36666666666666664
MOT17-04,1,0.03333333333333333
MOT17-04,4,0.13333333333333333
MOT17-04,3,0.1
MOT17-04,1,0.03333333333333333
MOT17-04,2,0.06666666666666667
MOT17-04,12,0.4
MOT17-04,32,1.0666666666666667
MOT17-04,2,0.06666666666666667
MOT17-04,6,0.2
MOT17-04,23,0.7666666666666667
MOT17-04,11,0.36666666666666664
MOT17-04,3,0.1
MOT17-04,8,0.26666666666666666
MOT17-04,19,0.6333333333333333
MOT17-04,13,0.43333333333333335
MOT17-04,26,0.8666666666666667
MOT17-04,8,0.26666666666666666
MOT17-04,4,0.13333333333333333
MOT17-04,1,0.03333333333333333
MOT17-04,1,0.03333333333333333
MOT17-04,1,0.03333333333333333
MOT17-04,2,0.06666666666666667
MOT17-04,4,0.13333333333333333
MOT17-04,125,4.166666666666667
MOT17-04,13,0.43333333333333335
MOT17-04,45,1.5
MOT17-04,11,0.36666666666666664
MOT17-04,12,0.4
MOT17-04,95,3.1666666666666665
MOT17-04,174,5.8
MOT17-04,1,0.03333333333333333
MOT17-04,60,2.0
MOT17-04,21,0.7
MOT17-04,2,0.06666666666666667
MOT17-04,117,3.9
MOT17-04,25,0.8333333333333334
MOT17-04,32,1.0666666666666667
MOT17-04,65,2.1666666666666665
MOT17-04,1,0.03333333333333333
MOT17-04,5,0.16666666666666666
MOT17-04,16,0.5333333333333333
MOT17-04,246,8.2
MOT17-04,2,0.06666666666666667
MOT17-04,157,5.233333333333333
MOT17-04,20,0.6666666666666666
MOT17-04,1,0.03333333333333333
MOT17-04,69,2.3
MOT17-04,29,0.9666666666666667
MOT17-04,18,0.6
MOT17-04,124,4.133333333333334
MOT17-04,135,4.5
MOT17-04,30,1.0
MOT17-04,60,2.0
MOT17-04,8,0.26666666666666666
MOT17-04,127,4.233333333333333
MOT17-04,5,0.16666666666666666
MOT17-04,34,1.1333333333333333
MOT17-04,26,0.8666666666666667
MOT17-04,32,1.0666666666666667
MOT17-04,20,0.6666666666666666
MOT17-04,1,0.03333333333333333
MOT17-04,36,1.2
MOT17-04,5,0.16666666666666666
MOT17-04,22,0.7333333333333333
MOT17-04,5,0.16666666666666666
MOT17-04,8,0.26666666666666666
MOT17-04,8,0.26666666666666666
MOT17-04,10,0.3333333333333333
MOT17-04,1,0.03333333333333333
MOT17-04,1,0.03333333333333333
MOT17-04,2,0.06666666666666667
MOT17-04,29,0.9666666666666667
MOT17-04,1,0.03333333333333333
MOT17-04,27,0.9
MOT17-04,108,3.6
MOT17-04,1,0.03333333333333333
MOT17-05,4,0.2857142857142857
MOT17-05,7,0.5
MOT17-05,2,0.14285714285714285
MOT17-05,5,0.35714285714285715
MOT17-05,8,0.5714285714285714
MOT17-05,5,0.35714285714285715
MOT17-05,2,0.14285714285714285
MOT17-05,14,1.0
MOT17-05,14,1.0
MOT17-05,30,2.142857142857143
MOT17-05,15,1.0714285714285714
MOT17-05,7,0.5
MOT17-05,14,1.0
MOT17-05,2,0.14285714285714285
MOT17-05,7,0.5
MOT17-05,1,0.07142857142857142
MOT17-05,15,1.0714285714285714
MOT17-05,121,8.642857142857142
MOT17-05,7,0.5
MOT17-05,3,0.21428571428571427
MOT17-05,13,0.9285714285714286
MOT17-05,8,0.5714285714285714
MOT17-05,6,0.42857142857142855
MOT17-05,11,0.7857142857142857
MOT17-05,4,0.2857142857142857
MOT17-05,8,0.5714285714285714
MOT17-05,2,0.14285714285714285
MOT17-05,15,1.0714285714285714
MOT17-05,1,0.07142857142857142
MOT17-05,2,0.14285714285714285
MOT17-05,13,0.9285714285714286
MOT17-05,1,0.07142857142857142
MOT17-05,2,0.14285714285714285
MOT17-05,1,0.07142857142857142
MOT17-05,3,0.21428571428571427
MOT17-05,2,0.14285714285714285
MOT17-05,5,0.35714285714285715
MOT17-05,6,0.42857142857142855
MOT17-05,16,1.1428571428571428
MOT17-05,2,0.14285714285714285
MOT17-05,3,0.21428571428571427
MOT17-05,5,0.35714285714285715
MOT17-05,7,0.5
MOT17-05,20,1.4285714285714286
MOT17-05,6,0.42857142857142855
MOT17-05,3,0.21428571428571427
MOT17-05,4,0.2857142857142857
MOT17-05,1,0.07142857142857142
MOT17-05,6,0.42857142857142855
MOT17-05,9,0.6428571428571429
MOT17-05,13,0.9285714285714286
MOT17-05,1,0.07142857142857142
MOT17-05,1,0.07142857142857142
MOT17-05,12,0.8571428571428571
MOT17-05,3,0.21428571428571427
MOT17-05,6,0.42857142857142855
MOT17-05,14,1.0
MOT17-05,42,3.0
MOT17-05,1,0.07142857142857142
MOT17-05,6,0.42857142857142855
MOT17-05,10,0.7142857142857143
MOT17-05,3,0.21428571428571427
MOT17-05,1,0.07142857142857142
MOT17-05,5,0.35714285714285715
MOT17-05,1,0.07142857142857142
MOT17-05,1,0.07142857142857142
MOT17-05,39,2.7857142857142856
MOT17-05,6,0.42857142857142855
MOT17-05,4,0.2857142857142857
MOT17-05,2,0.14285714285714285
MOT17-05,9,0.6428571428571429
MOT17-05,1,0.07142857142857142
MOT17-05,14,1.0
MOT17-05,25,1.7857142857142858
MOT17-05,7,0.5
MOT17-05,7,0.5
MOT17-05,6,0.42857142857142855
MOT17-05,2,0.14285714285714285
MOT17-05,4,0.2857142857142857
MOT17-05,5,0.35714285714285715
MOT17-05,2,0.14285714285714285
MOT17-05,2,0.14285714285714285
MOT17-05,15,1.0714285714285714
MOT17-05,8,0.5714285714285714
MOT17-05,4,0.2857142857142857
MOT17-05,16,1.1428571428571428
MOT17-05,4,0.2857142857142857
MOT17-05,5,0.35714285714285715
MOT17-05,1,0.07142857142857142
MOT17-05,13,0.9285714285714286
MOT17-05,2,0.14285714285714285
MOT17-05,37,2.642857142857143
MOT17-05,10,0.7142857142857143
MOT17-05,2,0.14285714285714285
MOT17-05,11,0.7857142857142857
MOT17-05,2,0.14285714285714285
MOT17-05,15,1.0714285714285714
MOT17-05,2,0.14285714285714285
MOT17-05,15,1.0714285714285714
MOT17-05,11,0.7857142857142857
MOT17-05,21,1.5
MOT17-05,11,0.7857142857142857
MOT17-05,29,2.0714285714285716
MOT17-05,6,0.42857142857142855
MOT17-05,18,1.2857142857142858
MOT17-05,27,1.9285714285714286
MOT17-05,10,0.7142857142857143
MOT17-05,7,0.5
MOT17-05,17,1.2142857142857142
MOT17-05,1,0.07142857142857142
MOT17-05,2,0.14285714285714285
MOT17-09,25,0.8333333333333334
MOT17-09,26,0.8666666666666667
MOT17-09,15,0.5
MOT17-09,12,0.4
MOT17-09,6,0.2
MOT17-09,8,0.26666666666666666
MOT17-09,23,0.7666666666666667
MOT17-09,12,0.4
MOT17-09,12,0.4
MOT17-09,6,0.2
MOT17-09,124,4.133333333333334
MOT17-09,1,0.03333333333333333
MOT17-09,27,0.9
MOT17-09,8,0.26666666666666666
MOT17-09,4,0.13333333333333333
MOT17-09,12,0.4
MOT17-09,14,0.4666666666666667
MOT17-09,1,0.03333333333333333
MOT17-09,13,0.43333333333333335
MOT17-09,69,2.3
MOT17-09,11,0.36666666666666664
MOT17-09,36,1.2
MOT17-09,31,1.0333333333333334
MOT17-09,40,1.3333333333333333
MOT17-09,18,0.6
MOT17-09,9,0.3
MOT17-09,16,0.5333333333333333
MOT17-09,2,0.06666666666666667
MOT17-09,13,0.43333333333333335
MOT17-09,4,0.13333333333333333
MOT17-09,7,0.23333333333333334
MOT17-09,66,2.2
MOT17-09,65,2.1666666666666665
MOT17-09,34,1.1333333333333333
MOT17-09,6,0.2
MOT17-09,9,0.3
MOT17-09,62,2.066666666666667
MOT17-09,7,0.23333333333333334
MOT17-09,4,0.13333333333333333
MOT17-09,1,0.03333333333333333
MOT17-09,1,0.03333333333333333
MOT17-10,9,0.3
MOT17-10,5,0.16666666666666666
MOT17-10,20,0.6666666666666666
MOT17-10,3,0.1
MOT17-10,27,0.9
MOT17-10,2,0.06666666666666667
MOT17-10,2,0.06666666666666667
MOT17-10,23,0.7666666666666667
MOT17-10,36,1.2
MOT17-10,10,0.3333333333333333
MOT17-10,40,1.3333333333333333
MOT17-10,10,0.3333333333333333
MOT17-10,2,0.06666666666666667
MOT17-10,10,0.3333333333333333
MOT17-10,8,0.26666666666666666
MOT17-10,34,1.1333333333333333
MOT17-10,24,0.8
MOT17-10,62,2.066666666666667
MOT17-10,3,0.1
MOT17-10,2,0.06666666666666667
MOT17-10,3,0.1
MOT17-10,1,0.03333333333333333
MOT17-10,3,0.1
MOT17-10,1,0.03333333333333333
MOT17-10,5,0.16666666666666666
MOT17-10,60,2.0
MOT17-10,23,0.7666666666666667
MOT17-10,21,0.7
MOT17-10,16,0.5333333333333333
MOT17-10,30,1.0
MOT17-10,6,0.2
MOT17-10,17,0.5666666666666667
MOT17-10,1,0.03333333333333333
MOT17-10,17,0.5666666666666667
MOT17-10,85,2.8333333333333335
MOT17-10,12,0.4
MOT17-10,4,0.13333333333333333
MOT17-10,2,0.06666666666666667
MOT17-10,28,0.9333333333333333
MOT17-10,7,0.23333333333333334
MOT17-10,8,0.26666666666666666
MOT17-10,2,0.06666666666666667
MOT17-10,3,0.1
MOT17-10,6,0.2
MOT17-10,39,1.3
MOT17-10,2,0.06666666666666667
MOT17-10,3,0.1
MOT17-10,6,0.2
MOT17-10,4,0.13333333333333333
MOT17-10,3,0.1
MOT17-10,4,0.13333333333333333
MOT17-10,13,0.43333333333333335
MOT17-10,41,1.3666666666666667
MOT17-10,42,1.4
MOT17-10,6,0.2
MOT17-10,42,1.4
MOT17-10,49,1.6333333333333333
MOT17-10,2,0.06666666666666667
MOT17-10,13,0.43333333333333335
MOT17-10,53,1.7666666666666666
MOT17-10,1,0.03333333333333333
MOT17-10,36,1.2
MOT17-10,5,0.16666666666666666
MOT17-10,11,0.36666666666666664
MOT17-10,42,1.4
MOT17-10,4,0.13333333333333333
MOT17-10,48,1.6
MOT17-10,97,3.2333333333333334
MOT17-10,20,0.6666666666666666
MOT17-10,70,2.3333333333333335
MOT17-10,21,0.7
MOT17-10,31,1.0333333333333334
MOT17-10,6,0.2
MOT17-10,10,0.3333333333333333
MOT17-10,1,0.03333333333333333
MOT17-10,6,0.2
MOT17-10,1,0.03333333333333333
MOT17-10,17,0.5666666666666667
MOT17-10,8,0.26666666666666666
MOT17-10,38,1.2666666666666666
MOT17-10,17,0.5666666666666667
MOT17-10,1,0.03333333333333333
MOT17-10,8,0.26666666666666666
MOT17-10,2,0.06666666666666667
MOT17-10,14,0.4666666666666667
MOT17-10,7,0.23333333333333334
MOT17-10,7,0.23333333333333334
MOT17-10,1,0.03333333333333333
MOT17-10,5,0.16666666666666666
MOT17-10,10,0.3333333333333333
MOT17-10,9,0.3
MOT17-10,16,0.5333333333333333
MOT17-10,25,0.8333333333333334
MOT17-10,12,0.4
MOT17-10,17,0.5666666666666667
MOT17-10,20,0.6666666666666666
MOT17-10,16,0.5333333333333333
MOT17-10,11,0.36666666666666664
MOT17-10,16,0.5333333333333333
MOT17-10,23,0.7666666666666667
MOT17-10,12,0.4
MOT17-10,3,0.1
MOT17-10,3,0.1
MOT17-10,17,0.5666666666666667
MOT17-10,1,0.03333333333333333
MOT17-10,1,0.03333333333333333
MOT17-10,4,0.13333333333333333
MOT17-10,1,0.03333333333333333
MOT17-10,1,0.03333333333333333
MOT17-10,5,0.16666666666666666
MOT17-10,1,0.03333333333333333
MOT17-10,67,2.2333333333333334
MOT17-10,3,0.1
MOT17-10,3,0.1
MOT17-10,18,0.6
MOT17-10,21,0.7
MOT17-10,2,0.06666666666666667
MOT17-10,24,0.8
MOT17-10,17,0.5666666666666667
MOT17-11,19,0.6333333333333333
MOT17-11,14,0.4666666666666667
MOT17-11,58,1.9333333333333333
MOT17-11,8,0.26666666666666666
MOT17-11,5,0.16666666666666666
MOT17-11,24,0.8
MOT17-11,4,0.13333333333333333
MOT17-11,13,0.43333333333333335
MOT17-11,1,0.03333333333333333
MOT17-11,1,0.03333333333333333
MOT17-11,9,0.3
MOT17-11,1,0.03333333333333333
MOT17-11,56,1.8666666666666667
MOT17-11,58,1.9333333333333333
MOT17-11,3,0.1
MOT17-11,13,0.43333333333333335
MOT17-11,1,0.03333333333333333
MOT17-11,29,0.9666666666666667
MOT17-11,16,0.5333333333333333
MOT17-11,1,0.03333333333333333
MOT17-11,5,0.16666666666666666
MOT17-11,56,1.8666666666666667
MOT17-11,4,0.13333333333333333
MOT17-11,2,0.06666666666666667
MOT17-11,5,0.16666666666666666
MOT17-11,12,0.4
MOT17-11,74,2.466666666666667
MOT17-11,14,0.4666666666666667
MOT17-11,2,0.06666666666666667
MOT17-11,89,2.966666666666667
MOT17-11,71,2.3666666666666667
MOT17-11,14,0.4666666666666667
MOT17-11,16,0.5333333333333333
MOT17-11,96,3.2
MOT17-11,26,0.8666666666666667
MOT17-11,9,0.3
MOT17-11,13,0.43333333333333335
MOT17-11,37,1.2333333333333334
MOT17-11,29,0.9666666666666667
MOT17-11,68,2.2666666666666666
MOT17-11,15,0.5
MOT17-11,19,0.6333333333333333
MOT17-11,4,0.13333333333333333
MOT17-11,6,0.2
MOT17-13,5,0.2
MOT17-13,19,0.76
MOT17-13,1,0.04
MOT17-13,8,0.32
MOT17-13,4,0.16
MOT17-13,3,0.12
MOT17-13,11,0.44
MOT17-13,1,0.04
MOT17-13,2,0.08
MOT17-13,3,0.12
MOT17-13,1,0.04
MOT17-13,5,0.2
MOT17-13,10,0.4
MOT17-13,2,0.08
MOT17-13,6,0.24
MOT17-13,2,0.08
MOT17-13,12,0.48
MOT17-13,2,0.08
MOT17-13,9,0.36
MOT17-13,16,0.64
MOT17-13,41,1.64
MOT17-13,1,0.04
MOT17-13,26,1.04
MOT17-13,12,0.48
MOT17-13,1,0.04
MOT17-13,55,2.2
MOT17-13,3,0.12
MOT17-13,10,0.4
MOT17-13,2,0.08
MOT17-13,28,1.12
MOT17-13,35,1.4
MOT17-13,6,0.24
MOT17-13,2,0.08
MOT17-13,4,0.16
MOT17-13,4,0.16
MOT17-13,20,0.8
MOT17-13,5,0.2
MOT17-13,10,0.4
MOT17-13,3,0.12
MOT17-13,1,0.04
MOT17-13,1,0.04
MOT17-13,1,0.04
MOT17-13,1,0.04
MOT17-13,1,0.04
MOT17-13,7,0.28
MOT17-13,1,0.04
MOT17-13,7,0.28
MOT17-13,3,0.12
MOT17-13,87,3.48
MOT17-13,71,2.84
MOT17-13,1,0.04
MOT17-13,1,0.04
MOT17-13,3,0.12
MOT17-13,1,0.04
MOT17-13,1,0.04
MOT17-13,1,0.04
MOT17-13,2,0.08
MOT17-13,2,0.08
MOT17-13,2,0.08
MOT17-13,8,0.32
MOT17-13,1,0.04
MOT17-13,3,0.12
MOT17-13,6,0.24
MOT17-13,1,0.04
MOT17-13,5,0.2
MOT17-13,6,0.24
MOT17-13,3,0.12
MOT17-13,1,0.04
MOT17-13,3,0.12
MOT17-13,1,0.04
MOT17-13,4,0.16
MOT17-13,2,0.08
MOT17-13,1,0.04
MOT17-13,1,0.04
MOT17-13,1,0.04
MOT17-13,1,0.04
MOT17-13,1,0.04
MOT17-13,1,0.04
MOT17-13,7,0.28
MOT17-13,26,1.04
MOT17-13,4,0.16
MOT17-13,1,0.04
MOT17-13,1,0.04
MOT17-13,1,0.04
MOT17-13,15,0.6
MOT17-13,1,0.04
MOT17-13,11,0.44
MOT17-13,1,0.04
MOT17-13,1,0.04
MOT17-13,1,0.04
MOT17-13,3,0.12
MOT17-13,14,0.56
MOT17-13,7,0.28
MOT17-13,1,0.04
MOT17-13,3,0.12
MOT17-13,1,0.04
MOT17-13,25,1.0
MOT17-13,1,0.04
MOT17-13,1,0.04
MOT17-13,18,0.72
MOT17-13,1,0.04
MOT17-13,1,0.04
MOT17-13,1,0.04
MOT17-13,2,0.08
MOT17-13,2,0.08
MOT17-13,6,0.24
MOT17-13,9,0.36
MOT17-13,2,0.08
MOT17-13,3,0.12
MOT17-13,13,0.52
MOT17-13,15,0.6
MOT17-13,3,0.12
MOT17-13,1,0.04
MOT17-13,9,0.36
MOT17-13,1,0.04
MOT17-13,5,0.2
MOT17-13,2,0.08
MOT17-13,11,0.44
MOT17-13,1,0.04
MOT17-13,2,0.08
MOT17-13,1,0.04
MOT17-13,12,0.48
MOT17-13,4,0.16
MOT17-13,5,0.2
MOT17-13,27,1.08
MOT17-13,3,0.12
MOT17-13,6,0.24
MOT17-13,2,0.08
MOT17-13,25,1.0
MOT17-13,10,0.4
MOT17-13,38,1.52
MOT17-13,4,0.16
MOT17-13,6,0.24
MOT17-13,29,1.16
MOT17-13,2,0.08
MOT17-13,49,1.96
MOT17-13,6,0.24
MOT17-13,9,0.36
MOT17-13,47,1.88
MOT17-13,2,0.08
MOT17-13,16,0.64
MOT17-13,2,0.08
MOT17-13,19,0.76
MOT17-13,2,0.08
MOT17-13,1,0.04
MOT17-13,2,0.08
MOT17-13,15,0.6
MOT17-13,2,0.08
