motion,iou_threshold,max_age,IDF1,IDSW_per_gt_id,id_ratio
Kalman vel. constante,0.2,10,0.5812041779376862,1.8265520633013832,1.7979037074366304
Kalman vel. constante,0.2,20,0.6016152881801452,1.7400022927686316,1.5406069071558872
Kalman vel. constante,0.2,40,0.5913297276273712,1.6888339457979646,1.3737284787065707
Kalman vel. constante,0.2,60,0.5929793730753445,1.711425094907002,1.343353479271085
Kalman vel. constante,0.3,10,0.5892145316218373,1.9484443508162699,2.0676193242531125
Kalman vel. constante,0.3,20,0.6141291100180593,1.875568560662512,1.8128361978330272
Kalman vel. constante,0.3,40,0.6199777660002598,1.8237502167955661,1.668177843116784
Kalman vel. constante,0.3,60,0.6173598978018409,1.865528763080014,1.6332532366141301
Kalman vel. constante,0.4,10,0.5844390317465109,2.504241216049345,2.5805796149561977
Kalman vel. constante,0.4,20,0.6046345723169075,2.50748900446006,2.3428387642249815
Kalman vel. constante,0.4,40,0.6083833980543135,2.559120216539653,2.2004056790742004
Kalman vel. constante,0.4,60,0.607696705534108,2.6047224495184893,2.175415520038835
Kalman vel. constante,0.5,10,0.5450830212768277,3.945594449679299,3.7320863317889112
Kalman vel. constante,0.5,20,0.5613804558769993,3.9875896071663455,3.5030752824540947
Kalman vel. constante,0.5,40,0.5633739036757306,4.072039251221365,3.364594460393998
Kalman vel. constante,0.5,60,0.5616283885673423,4.199215421162523,3.3153087683346443
GRU (Trilha A),0.2,10,0.584753073173173,1.7024549420755364,1.743141295276137
GRU (Trilha A),0.2,20,0.6011427009138686,1.7006856444364984,1.4718306850757605
GRU (Trilha A),0.2,40,0.5966531870466284,1.7348053782833581,1.2707153663050321
GRU (Trilha A),0.2,60,0.5927526410860817,1.9897561166102904,1.1965994677893548
GRU (Trilha A),0.3,10,0.5887701992133577,1.8963327365865463,2.0363007706525615
GRU (Trilha A),0.3,20,0.6057044069117725,1.9088686819688518,1.7898907329093674
GRU (Trilha A),0.3,40,0.608769316927807,2.0821419233700618,1.5867399810695164
GRU (Trilha A),0.3,60,0.6026050688133366,2.204120987555275,1.515862199752641
GRU (Trilha A),0.4,10,0.5743766730686088,2.5383744978812786,2.673003826741712
GRU (Trilha A),0.4,20,0.591427293512114,2.6357960654383015,2.47253086077027
GRU (Trilha A),0.4,40,0.5929355679649644,2.930830001548761,2.280076674745196
GRU (Trilha A),0.4,60,0.5857439385220876,3.4022902736118112,2.204681191726091
GRU (Trilha A),0.5,10,0.5451890907240106,4.074551700241311,3.7578026286788946
GRU (Trilha A),0.5,20,0.5598783434116994,4.474491781515407,3.5555509570307775
GRU (Trilha A),0.5,40,0.560976708081728,4.8131229139874385,3.3312853950585044
GRU (Trilha A),0.5,60,0.554905867282334,5.245774451675243,3.2530761398071726
