sequence,split,source,IDF1,IDP,IDR,IDTP,IDFP,IDFN,IDSW,FRAG,IDSW_per_gt_id,n_gt_ids,n_pred_ids,count_error,id_ratio,MOTA,TP,FP,FN,mAP,AP@0.50,track_seconds
MOT17-02,treino,última caixa (Parte 1),0.42635404112340675,0.6632954545454546,0.31413809805715515,5837,2963,12744,250,703,4.032258064516129,62,199,137,3.2096774193548385,0.42193638663150534,8445,355,10136,0.2741543446441543,0.45091636670101176,2.1911725997924805
MOT17-04,treino,última caixa (Parte 1),0.690857485410881,0.8260195424492423,0.5937086023088084,28235,5947,19322,175,921,2.108433734939759,83,110,27,1.3253012048192772,0.7143638160523162,34165,17,13392,0.4980973550220688,0.7183701466246983,2.1911725997924805
MOT17-05,treino,última caixa (Parte 1),0.6162142728743484,0.8144452363981943,0.49559057394824346,3428,781,3489,135,236,1.0150375939849625,133,144,11,1.0827067669172932,0.5788636692207605,4174,35,2743,0.42394792529632036,0.6034711929296187,2.1911725997924805
MOT17-09,val,última caixa (Parte 1),0.5191577493959268,0.6702317290552585,0.4236619718309859,2256,1110,3069,66,127,2.5384615384615383,26,35,9,1.3461538461538463,0.6182159624413146,3362,4,1963,0.45498155606853474,0.6313477315910531,2.1911725997924805
MOT17-10,val,última caixa (Parte 1),0.5014738560609496,0.6001953973078593,0.4306410156554249,5529,3683,7310,327,460,5.7368421052631575,57,185,128,3.245614035087719,0.6507516161694836,8947,265,3892,0.4088846862713802,0.6934529708635813,2.1911725997924805
MOT17-11,treino,última caixa (Parte 1),0.6399408830593016,0.7637806849919153,0.5506570580754557,5196,1607,4240,78,238,1.04,75,112,37,1.4933333333333334,0.6851420093259856,6673,130,2763,0.5053983979934076,0.7056699205765442,2.1911725997924805
MOT17-13,treino,última caixa (Parte 1),0.5046167538102125,0.7159090909090909,0.389623775983508,4536,1800,7106,407,210,3.7,110,314,204,2.8545454545454545,0.4457137948806047,5966,370,5676,0.2924950667417289,0.4932680986304354,2.1911725997924805
MOT17-02,treino,Kalman vel. constante,0.46893831488988713,0.7295454545454545,0.34551423497120715,6420,2380,12161,243,716,3.9193548387096775,62,183,121,2.9516129032258065,0.4224207523814649,8446,354,10135,0.27415058257083436,0.45091625170357863,14.436219930648804
MOT17-04,treino,Kalman vel. constante,0.7374447937948837,0.8817213738224796,0.6337447694345733,30139,4043,17418,145,892,1.7469879518072289,83,96,13,1.1566265060240963,0.7148264188237273,34161,21,13396,0.49809765370680037,0.7183701466246983,14.436219930648804
MOT17-05,treino,Kalman vel. constante,0.6546827251483013,0.8652886671418389,0.5265288419835189,3642,567,3275,112,230,0.8421052631578947,133,145,12,1.0902255639097744,0.5821888101778228,4174,35,2743,0.42394776911944954,0.6034711929296187,14.436219930648804
MOT17-09,val,Kalman vel. constante,0.6045334253825797,0.7804515745692217,0.49333333333333335,2627,739,2698,46,144,1.7692307692307692,26,36,10,1.3846153846153846,0.6219718309859155,3362,4,1963,0.45497640419750907,0.6313477315910531,14.436219930648804
MOT17-10,val,Kalman vel. constante,0.5384789805451,0.6444854537559704,0.4624191915258198,5937,3275,6902,248,458,4.350877192982456,57,161,104,2.824561403508772,0.6567489679881611,8946,266,3893,0.4088842783491823,0.6934529806506274,14.436219930648804
MOT17-11,treino,Kalman vel. constante,0.6529958741301805,0.7793620461561076,0.5618906316235693,5302,1501,4134,71,236,0.9466666666666667,75,115,40,1.5333333333333334,0.6863077575243748,6675,128,2761,0.5053983660477741,0.7056699205765442,14.436219930648804
MOT17-13,treino,Kalman vel. constante,0.5858271220380465,0.8311237373737373,0.4523277787321766,5266,1070,6376,183,215,1.6636363636363636,110,177,67,1.6090909090909091,0.46512626696443915,5967,369,5675,0.2924949654837588,0.4932679726417343,14.436219930648804
MOT17-02,treino,GRU (Trilha A),0.4363609802417735,0.6788636363636363,0.32151122113987407,5974,2826,12607,287,738,4.629032258064516,62,162,100,2.6129032258064515,0.420052742048329,8446,354,10135,0.2741602705413666,0.45091805356332526,23.585546255111694
MOT17-04,treino,GRU (Trilha A),0.7483575771663465,0.8947691767596981,0.6431229892549992,30585,3597,16972,162,911,1.9518072289156627,83,90,7,1.0843373493975903,0.7146371722354228,34165,17,13392,0.49809731166209703,0.7183701466246983,23.585546255111694
MOT17-05,treino,GRU (Trilha A),0.624662951644796,0.8256117842717985,0.5023854272083274,3475,734,3442,114,231,0.8571428571428571,133,126,7,0.9473684210526315,0.5821888101778228,4175,34,2742,0.42394772215901283,0.6034711929296187,23.585546255111694
MOT17-09,val,GRU (Trilha A),0.5136347946151191,0.6631016042780749,0.4191549295774648,2232,1134,3093,43,140,1.6538461538461537,26,33,7,1.2692307692307692,0.6225352112676057,3362,4,1963,0.45497919796891145,0.6313477315910531,23.585546255111694
MOT17-10,val,GRU (Trilha A),0.5205206113101447,0.6229917498914459,0.4469974297063634,5739,3473,7100,282,460,4.947368421052632,57,161,104,2.824561403508772,0.6541007866656281,8946,266,3893,0.40888566965675877,0.693452949091207,23.585546255111694
MOT17-11,treino,GRU (Trilha A),0.6412956462836381,0.7653976186976333,0.5518228062738448,5207,1596,4229,75,238,1.0,75,111,36,1.48,0.6856718948707079,6674,129,2762,0.5053982751718866,0.7056699070117066,23.585546255111694
MOT17-13,treino,GRU (Trilha A),0.5931694293024808,0.8415404040404041,0.45799690774780966,5332,1004,6310,217,212,1.9727272727272727,110,199,89,1.809090909090909,0.4620340147740938,5966,370,5676,0.29249478345194146,0.4932679726417343,23.585546255111694
MOT17-02,treino,"GRU-NLL, só IoU",0.4190497060005113,0.6519318181818182,0.30875625639093696,5737,3063,12844,239,714,3.8548387096774195,62,176,114,2.838709677419355,0.4226360260481137,8446,354,10135,,,
MOT17-04,treino,"GRU-NLL, só IoU",0.7242809430015048,0.8659820958399157,0.6224320289337006,29601,4581,17956,156,882,1.8795180722891567,83,103,20,1.2409638554216869,0.7145110078432197,34159,23,13398,,,
MOT17-05,treino,"GRU-NLL, só IoU",0.5933848642818623,0.784271798526966,0.47723001301142115,3301,908,3616,111,230,0.8345864661654135,133,126,7,0.9473684210526315,0.5820442388318635,4173,36,2744,,,
MOT17-09,val,"GRU-NLL, só IoU",0.5329651363479462,0.6880570409982175,0.4349295774647887,2316,1050,3009,42,131,1.6153846153846154,26,34,8,1.3076923076923077,0.6227230046948357,3362,4,1963,,,
MOT17-10,val,"GRU-NLL, só IoU",0.5337626411500612,0.6388406426400347,0.45836903185606354,5885,3327,6954,217,460,3.807017543859649,57,133,76,2.3333333333333335,0.6590077108809097,8945,267,3894,,,
MOT17-11,treino,"GRU-NLL, só IoU",0.6479463021121991,0.7733352932529767,0.5575455701568461,5261,1542,4175,66,236,0.88,75,101,26,1.3466666666666667,0.686837643069097,6675,128,2761,,,
MOT17-13,treino,"GRU-NLL, só IoU",0.5987317832906887,0.8494318181818182,0.4622917024566226,5382,954,6260,154,212,1.4,110,163,53,1.481818181818182,0.4674454561071981,5966,370,5676,,,
MOT17-02,treino,GRU-NLL + portão adaptativo,0.43373141959753114,0.6747727272727273,0.3195737581400355,5938,2862,12643,237,711,3.8225806451612905,62,169,107,2.725806451612903,0.42274366288143805,8446,354,10135,,,
MOT17-04,treino,GRU-NLL + portão adaptativo,0.7268500960373873,0.869053888011234,0.6246399057972538,29706,4476,17851,146,878,1.7590361445783131,83,103,20,1.2409638554216869,0.7148053914250267,34161,21,13396,,,
MOT17-05,treino,GRU-NLL + portão adaptativo,0.6113607765594103,0.8080304110239962,0.4916871476073442,3401,808,3516,102,232,0.7669172932330827,133,88,45,0.6616541353383458,0.5836345236374151,4174,35,2743,,,
MOT17-09,val,GRU-NLL + portão adaptativo,0.6063744103095156,0.7828282828282829,0.49483568075117373,2635,731,2690,36,131,1.3846153846153846,26,33,7,1.2692307692307692,0.623849765258216,3362,4,1963,,,
MOT17-10,val,GRU-NLL + portão adaptativo,0.5427418257675389,0.649587494572297,0.46607991276579175,5984,3228,6855,239,461,4.192982456140351,57,131,74,2.2982456140350878,0.6574499571617727,8946,266,3893,,,
MOT17-11,treino,GRU-NLL + portão adaptativo,0.6335365478169838,0.7561369983830663,0.5451462484103433,5144,1659,4292,71,237,0.9466666666666667,75,107,32,1.4266666666666667,0.6860958033064858,6674,129,2762,,,
MOT17-13,treino,GRU-NLL + portão adaptativo,0.5892757815107353,0.8360164141414141,0.45499055145164063,5297,1039,6345,159,212,1.4454545454545455,110,127,17,1.1545454545454545,0.46718776842466925,5967,369,5675,,,
