cell,T,seed,IDF1 treino,IDF1 val,IDF1 combinado,IDSW / id,ids / id,val loss,IoU k=0,IoU k=1,IoU k=2-3,IoU k=4-7,IoU k=8-15,IoU k=16-31,IoU k=32-63,IDF1 MOT17-02,IDF1 MOT17-04,IDF1 MOT17-05,IDF1 MOT17-11,IDF1 MOT17-13,IDF1 MOT17-09,IDF1 MOT17-10,coast_input
rnn,4,0,0.5888195732906368,0.5232010587729647,0.6078237628573743,2.241758241758242,1.5824175824175823,0.9723110318183898,0.8081833720207214,0.6878263354301453,0.6113290190696716,0.488982617855072,0.32276880741119385,0.1700262725353241,0.08054676651954651,0.44125488477411345,0.6998862232226967,0.5996764335790041,0.6374776771968718,0.5658026476804984,0.5230698423656657,0.5233322751802639,prediction
rnn,8,0,0.6007134269884927,0.5343096518634658,0.6162684592748576,2.446886446886447,1.5787545787545787,0.9624954104423523,0.8088215589523315,0.6900656223297119,0.6178065538406372,0.5036503672599792,0.3424883484840393,0.18127630650997162,0.08373253792524338,0.4376757605638947,0.7108724109666132,0.6230451195398167,0.6431430506804606,0.5888307931916787,0.5598895409043838,0.5087297628225478,prediction
rnn,16,0,0.5876408407671474,0.5447520609186429,0.6081153316595125,2.3937728937728937,1.6373626373626373,0.9308199763298035,0.8097836971282959,0.6926470994949341,0.6238670945167542,0.5186696648597717,0.3709751069545746,0.23850233852863312,0.11876962333917618,0.41831927248822176,0.7027734618725455,0.6187309005932051,0.6558285608719748,0.5425520080097898,0.5677137268438615,0.5217903949934244,prediction
rnn,32,0,0.5912592709624198,0.5450279874155601,0.618363435112443,2.34981684981685,1.6483516483516483,0.9391059458255768,0.8096296787261963,0.6921777725219727,0.6217418909072876,0.5166378021240234,0.37224212288856506,0.2342275232076645,0.11690492182970047,0.4171505788685585,0.7296149940664799,0.6199892144526334,0.6323049448857688,0.5572366225386584,0.5806006213324129,0.5094553534987075,prediction
lstm,4,0,0.6074390540592053,0.5404550014367433,0.621149536999541,2.159340659340659,1.5824175824175823,0.9666825652122497,0.8047760128974915,0.6888887286186218,0.6138176321983337,0.4980146884918213,0.33309218287467957,0.17650239169597626,0.08366674929857254,0.4534531244293488,0.7080585766892181,0.6277188567319791,0.6612476137693207,0.5867170986761597,0.5506846162697043,0.5302253866037822,prediction
lstm,8,0,0.6067456542633284,0.5791425157277972,0.6274668610458681,2.2216117216117217,1.565934065934066,0.9681118369102478,0.8061701655387878,0.6928344964981079,0.617579460144043,0.5091000199317932,0.353213906288147,0.18944479525089264,0.08582247048616409,0.45593659837113326,0.710480920980193,0.6250224698903469,0.6382166389556008,0.6040716431193681,0.6038430560349787,0.5544419754206158,prediction
lstm,16,0,0.6095133595750992,0.5567874445679556,0.624119219243541,2.2454212454212454,1.5769230769230769,0.9621058702468872,0.8065100908279419,0.6924626231193542,0.6175934076309204,0.505713939666748,0.33948636054992676,0.1785794049501419,0.07645197212696075,0.45082356378510646,0.7124628390364453,0.6383246449757325,0.6324281051788904,0.6135276448993214,0.5948682545161661,0.5187066346197451,prediction
lstm,32,0,0.6036503094170376,0.5363773838767016,0.6171323668367484,2.490842490842491,1.641025641025641,0.9650811135768891,0.8043951392173767,0.6849921941757202,0.6094581484794617,0.49837759137153625,0.33153894543647766,0.17255553603172302,0.07422156631946564,0.4443227055257295,0.7085968754205458,0.6331116304152435,0.6399408830593016,0.5922794526643675,0.5635715107582556,0.5091832569951477,prediction
gru,4,0,0.5946648690584663,0.5162021059526336,0.6104046866985232,2.318681318681319,1.6135531135531136,0.9599712908267974,0.8062833547592163,0.6913860440254211,0.6203891634941101,0.5031877160072327,0.3371858596801758,0.18664096295833588,0.0855225995182991,0.43007925203608344,0.7036298462178397,0.6323925939241416,0.6172793891249461,0.5899432639893203,0.4993671614313658,0.5330370504739014,prediction
gru,8,0,0.6155217577564391,0.534741428825775,0.6293782565265517,2.0604395604395602,1.6007326007326008,0.9755315780639648,0.8055596351623535,0.6899654269218445,0.6148419380187988,0.5040100812911987,0.34073156118392944,0.1900753378868103,0.08551739156246185,0.45221138745845657,0.7280979703691016,0.6376056084846305,0.651394790319601,0.608299032150406,0.5631112645265217,0.5063715931250283,prediction
gru,16,0,0.6115794120797314,0.5508281523150371,0.6348748683890824,2.1062271062271063,1.5677655677655677,0.9600804924964905,0.8057706356048584,0.6929581165313721,0.6189543008804321,0.5061159133911133,0.3473587930202484,0.20000280439853668,0.08333410322666168,0.4444687922281874,0.7408458630519091,0.6374258493618551,0.6380934786624792,0.5970630770942262,0.5707053273501324,0.530950977279942,prediction
gru,32,0,0.5990934653840646,0.5535720190411616,0.6200156583245593,2.3663003663003663,1.652014652014652,0.9557335793972015,0.8066707253456116,0.6889336705207825,0.6135766506195068,0.5078644156455994,0.3499305248260498,0.19024735689163208,0.07714714109897614,0.4340966363536759,0.7136617771198571,0.6127988495416142,0.6412956462836381,0.5936144176215374,0.576918651478541,0.5302253866037822,prediction
rnn,4,1,0.6026104767860523,0.5366355222982031,0.6127048405820578,2.152014652014652,1.5769230769230769,0.9778034567832947,0.8087210059165955,0.6887561082839966,0.6132566332817078,0.5075086355209351,0.34584105014801025,0.18499773740768433,0.08012129366397858,0.4452722690917059,0.6942830227920577,0.6347294625202229,0.6478231418190775,0.5909444877071977,0.5493038775745024,0.5239671670219038,prediction
rnn,8,1,0.6026484779758187,0.5263607302411438,0.6124456683134905,2.3846153846153846,1.5842490842490842,0.9662522733211517,0.8092459440231323,0.6890090703964233,0.612580418586731,0.4987151324748993,0.3421920835971832,0.1892002671957016,0.08641722053289413,0.44651400606259817,0.7010606931819572,0.6284378932230811,0.652626393250816,0.5846034041606408,0.5550569554711771,0.4976645050111106,prediction
rnn,16,1,0.5963481273835928,0.5244237554534423,0.6143246672606031,2.467032967032967,1.6593406593406594,0.9663762092590332,0.8081082105636597,0.6892310976982117,0.6146309971809387,0.49689897894859314,0.34020960330963135,0.18182052671909332,0.089019775390625,0.429129688470107,0.7146160339617563,0.6027323386661874,0.6633413387523862,0.571921237067527,0.5444712921412956,0.5043762187655889,prediction
rnn,32,1,0.5918861559219903,0.5267293697107772,0.6115493642180286,2.2655677655677655,1.6318681318681318,0.9542999684810638,0.8096209168434143,0.6922820806503296,0.6223744750022888,0.5153664946556091,0.36799439787864685,0.23047135770320892,0.11380116641521454,0.4143749315218582,0.7138575221130672,0.6403019953262629,0.6336597081101053,0.5572366225386584,0.5311241514210102,0.5223345880005442,prediction
lstm,4,1,0.6100104521883194,0.5584822531544105,0.6269269188196863,2.230769230769231,1.586080586080586,0.97474485039711,0.8040448427200317,0.6882864236831665,0.6150648593902588,0.5069719552993774,0.35830438137054443,0.19727516174316406,0.08402334898710251,0.4574705087469413,0.7177968901014203,0.6282581341003056,0.6555822402857319,0.5909444877071977,0.5971694856748361,0.5197950206339849,prediction
lstm,8,1,0.6047316232067651,0.5597062334566398,0.6248211441375773,2.228937728937729,1.5769230769230769,0.9631993472576141,0.8063633441925049,0.6925733089447021,0.6147085428237915,0.5061119198799133,0.36018726229667664,0.2031242847442627,0.0792577937245369,0.44541835579416383,0.717111782625185,0.6293366888369585,0.6389556007143297,0.5928356880631883,0.5847428374180187,0.534669629495261,prediction
lstm,16,1,0.609781044073012,0.5691948437164689,0.6267433384627845,2.32967032967033,1.586080586080586,0.9642286896705627,0.8060156106948853,0.6912769675254822,0.6146914958953857,0.5024242401123047,0.34193921089172363,0.1767738163471222,0.07500867545604706,0.44461487893064533,0.7138819902372184,0.6446162142728743,0.6468378594741055,0.5989542774502169,0.598550224370038,0.5398394630628996,prediction
lstm,32,1,0.605676613645397,0.5477308878230898,0.6196161010771848,2.2435897435897436,1.6703296703296704,0.9707356572151185,0.8039859533309937,0.68537437915802,0.6074510812759399,0.50079345703125,0.349423885345459,0.18164636194705963,0.07377307116985321,0.43884445418355794,0.7076426185786466,0.6376056084846305,0.6451136153704046,0.5991767716097453,0.5688643424231964,0.5265974332229831,prediction
gru,4,1,0.5992618103348508,0.5481549056571668,0.6227045706109446,2.2893772893772892,1.5934065934065933,0.9881826043128967,0.8051414489746094,0.6890897154808044,0.6135237812995911,0.5023724436759949,0.35238248109817505,0.19926626980304718,0.08381090313196182,0.4297870786311676,0.7288564822177908,0.6237641560309186,0.6196194346942546,0.5942819001001224,0.5895754228512254,0.5067343884631083,prediction
gru,8,1,0.6100749171040818,0.5511894866202287,0.6287627223887045,2.3315018315018317,1.598901098901099,0.9778554856777191,0.8060017228126526,0.6905192136764526,0.6154074668884277,0.5031959414482117,0.34263330698013306,0.1870056837797165,0.08429893106222153,0.45805485555677294,0.7241586023807485,0.6325723530469172,0.6552127594063674,0.5803760151296028,0.576688528362674,0.5256904448777833,prediction
gru,16,1,0.6048851026619757,0.5519845128844081,0.6275532518020572,2.1483516483516483,1.664835164835165,0.9660481452941895,0.804641604423523,0.6886705756187439,0.6128011345863342,0.5030974745750427,0.3458819091320038,0.1928318589925766,0.07959608733654022,0.4475366129798035,0.7311075496397069,0.6273593384864282,0.6341523492825913,0.5842696629213483,0.5923369002416292,0.511632125527187,prediction
gru,32,1,0.6019531885290588,0.5431933005839681,0.6252099025404282,2.2454212454212454,1.6483516483516483,0.9676202476024628,0.8055828213691711,0.6881301999092102,0.6125686168670654,0.5054806470870972,0.3505220115184784,0.19001831114292145,0.08074603974819183,0.4481209597896352,0.7259937116920931,0.5989573970879022,0.6436356918529466,0.5930581822227167,0.5654124956851916,0.5209741054827446,prediction
rnn,4,2,0.6016645338590076,0.5308727702766175,0.6067222807159633,2.1849816849816848,1.586080586080586,0.9809340715408326,0.8067904710769653,0.6876257658004761,0.6057683229446411,0.4838727116584778,0.31356632709503174,0.16426369547843933,0.07694999873638153,0.4200723129177167,0.6882638642508472,0.652705374797771,0.6656813843216947,0.5815997330070085,0.5488436313427684,0.5129019092104666,prediction
rnn,8,2,0.5975665020882018,0.5445583436115693,0.6089036473097379,2.0824175824175826,1.5238095238095237,0.9618330299854279,0.8087842464447021,0.6909241676330566,0.615168035030365,0.5074188113212585,0.3481004536151886,0.18656989932060242,0.08566450327634811,0.4392096709397027,0.6912734435214525,0.6367068128707531,0.6421577683354887,0.5784848147736122,0.5753077896674721,0.5138088975556664,prediction
rnn,16,2,0.5989650917926083,0.5470060276633741,0.6116789503523123,2.152014652014652,1.6043956043956045,0.9653599321842193,0.8084072470664978,0.6875090003013611,0.6122714281082153,0.5020599365234375,0.3462464511394501,0.17816118896007538,0.07679887861013412,0.43884445418355794,0.6931330209569483,0.6314937983102642,0.6401872036455447,0.591166981866726,0.5658727419169256,0.5281393134098227,prediction
rnn,32,2,0.5907861537438361,0.5182232049268576,0.6084932912178397,2.2234432234432235,1.6556776556776556,0.9604129135608673,0.8095448613166809,0.6919435262680054,0.6209506392478943,0.5122092366218567,0.3633458912372589,0.21336568892002106,0.091871477663517,0.4338044629487601,0.708327726054882,0.6162142728743484,0.6395714021799372,0.5560129046612526,0.536877229317685,0.4995691805360301,prediction
lstm,4,2,0.6004123989302508,0.562871295092582,0.620587997084312,2.0732600732600734,1.6153846153846154,0.9735849797725677,0.8040497899055481,0.6850112676620483,0.6127715706825256,0.5007593631744385,0.33123669028282166,0.17484132945537567,0.07575159519910812,0.4568131185858807,0.7045596349355877,0.6144166816465936,0.6405566845249092,0.5857158749582824,0.5803704982165458,0.5453720919686182,prediction
lstm,8,2,0.6047020694620832,0.5695573625018948,0.6253610863637591,2.347985347985348,1.5714285714285714,0.9613564312458038,0.8062220215797424,0.6917334198951721,0.6147733330726624,0.5069631338119507,0.3550361692905426,0.19524028897285461,0.08097661286592484,0.45739746539571235,0.7145181614651512,0.6135178860327162,0.6372313566106287,0.6008454778062076,0.6139684731331262,0.5251462518706634,prediction
lstm,16,2,0.6112897306678694,0.5493132803647339,0.6251343106287627,2.2472527472527473,1.619047619047619,0.9608543395996094,0.8059033751487732,0.691839337348938,0.6154928207397461,0.5010702013969421,0.3388464152812958,0.17798417806625366,0.07826247066259384,0.46608962419195793,0.7120958171741764,0.6403019953262629,0.6452367756635261,0.5927244409834241,0.5743872972040042,0.5242392635254637,prediction
lstm,32,2,0.6017285541975215,0.5307794259289746,0.6142814718825086,2.3827838827838828,1.6758241758241759,0.9640125155448913,0.8050562143325806,0.686339795589447,0.6104673743247986,0.5004956722259521,0.33843502402305603,0.18297836184501648,0.07825043797492981,0.43884445418355794,0.7050489974186129,0.6415603091856912,0.648931584457171,0.5742574257425742,0.5453917846047636,0.5161670672531858,prediction
gru,4,2,0.6079150145290579,0.544751784365989,0.624356793823061,2.131868131868132,1.6245421245421245,0.9820717811584473,0.8056818246841431,0.6904217004776001,0.6150000095367432,0.500565230846405,0.3457702398300171,0.18436777591705322,0.07546987384557724,0.43899054088601586,0.7242809430015048,0.6467733237461801,0.6454830962497691,0.5840471687618201,0.5831319756069497,0.5063715931250283,prediction
gru,8,2,0.6030801698593167,0.5503065844457885,0.6246591614697228,2.17032967032967,1.5952380952380953,0.9754289090633392,0.8058150410652161,0.6910130381584167,0.6161400079727173,0.5041923522949219,0.3484427332878113,0.19267001748085022,0.07796759903430939,0.4373105438077499,0.7268745641615385,0.6154952363832464,0.6427735698010961,0.5929469351429525,0.5923369002416292,0.5082762686499478,prediction
gru,16,2,0.6022065868428911,0.5354320747260299,0.6238168515968792,2.21978021978022,1.620879120879121,0.9711898922920227,0.8053849935531616,0.6907691359519958,0.6145377159118652,0.5018202066421509,0.3444786071777344,0.18672460317611694,0.08044734597206116,0.43146707570943355,0.7285139284796731,0.6234046377853676,0.6398177227661802,0.5878295694738013,0.5490737544586354,0.5217903949934244,prediction
gru,32,2,0.6021531461748417,0.531726926628979,0.6308792959153371,2.3131868131868134,1.652014652014652,0.9671763896942138,0.806260347366333,0.6887646913528442,0.6148691773414612,0.511403501033783,0.35928288102149963,0.1930474489927292,0.08059924095869064,0.4460757459552244,0.7462288503651867,0.5896099227035773,0.6384629595418437,0.5903882523083769,0.5509147393855712,0.5125391138723867,prediction
rnn,4,0,0.5963377756146871,0.5181730184471421,0.607359412542858,2.302197802197802,1.620879120879121,0.9892866611480713,0.8035183548927307,0.6863117218017578,0.5981982946395874,0.4521825909614563,0.2763247787952423,0.1416628509759903,0.07616870105266571,0.43950184434461853,0.6990298388774024,0.6250224698903469,0.6587844079068909,0.5593503170541774,0.5424001840984927,0.49394585279579156,last_observation
rnn,16,0,0.5893118910347142,0.5297098350592488,0.6059771604438325,2.47985347985348,1.7179487179487178,0.9853645086288452,0.7992050647735596,0.6887716054916382,0.6013357043266296,0.4564150869846344,0.27571097016334534,0.14116652309894562,0.07694382965564728,0.43015229538731237,0.7004245219540244,0.6230451195398167,0.6536116755957879,0.5393258426966292,0.5541364630077091,0.5052832071107887,last_observation
rnn,32,0,0.5851972762404861,0.5308746852732962,0.6032774493129235,2.7051282051282053,1.7619047619047619,0.9860298752784729,0.7986270785331726,0.6885567903518677,0.6037886142730713,0.4589361846446991,0.2772102355957031,0.14287325739860535,0.07756409794092178,0.4346079398122786,0.6958734508618897,0.6133381269099407,0.6446209741979186,0.5375458894204027,0.5552870785870441,0.5064622919595483,last_observation
lstm,4,0,0.6113541475794806,0.544771586579601,0.6324667260603115,2.2234432234432235,1.6245421245421245,0.9954408586025238,0.7947612404823303,0.6574679017066956,0.592047393321991,0.4899712800979614,0.33351653814315796,0.19535145163536072,0.0787019208073616,0.44315401190606624,0.7383256462643292,0.629875966205285,0.6383397992487222,0.6070753142730003,0.5734668047405362,0.5160763684186658,last_observation
lstm,16,0,0.5945868054179846,0.5506045047056504,0.6102319051861451,2.6648351648351647,1.6813186813186813,0.9894903600215912,0.7891935110092163,0.6699954867362976,0.6103489995002747,0.504402220249176,0.3336280882358551,0.17737829685211182,0.07848763465881348,0.4305175121434571,0.6978064326698393,0.6311342800647133,0.6278711743333949,0.5856046278785182,0.5865838223449545,0.5146251870663462,last_observation
lstm,32,0,0.5887496177577043,0.5395141536543555,0.606884263383818,2.6227106227106227,1.7527472527472527,0.983845317363739,0.7836993336677551,0.6618801355361938,0.6042892336845398,0.5023030638694763,0.3275141417980194,0.17268866300582886,0.07563997060060501,0.4379679339688105,0.7021372906446127,0.6163940319971238,0.6373545169037502,0.549894315274224,0.5893452997353584,0.4896830075733527,last_observation
gru,4,0,0.6102546441192525,0.5309329857035167,0.6268297292189736,2.498168498168498,1.7527472527472527,0.9883151113986969,0.7967206239700317,0.6812828779220581,0.614579439163208,0.5068865418434143,0.32956868410110474,0.16317471861839294,0.0811295211315155,0.4586392023666046,0.7342639376552197,0.634369944274672,0.6366155551450212,0.5873845811547447,0.5879645610401565,0.4739014103668768,last_observation
gru,16,0,0.6041872076297478,0.5327547215221483,0.6171107691477012,2.478021978021978,1.706959706959707,0.981393015384674,0.7905189394950867,0.6774731874465942,0.612162709236145,0.5087729096412659,0.3407492935657501,0.16358259320259094,0.07644939422607422,0.45754355209817027,0.7096000685107476,0.6334711486607946,0.6319354640064043,0.588385804872622,0.5704752042342653,0.4950342388100313,last_observation
gru,32,0,0.5922735194124634,0.5146362178646533,0.6024459382846036,2.7014652014652016,1.793040293040293,0.980875825881958,0.7855873703956604,0.6689817309379578,0.6061425805091858,0.4986458122730255,0.31787145137786865,0.165736585855484,0.07710069417953491,0.4548409481026989,0.6912489753973011,0.610102462699982,0.6432662109735822,0.5619089998887529,0.55482683235531,0.47444560337399666,last_observation
rnn,4,1,0.5854521405963489,0.5073283087681786,0.5991630895494182,2.4450549450549453,1.6556776556776556,0.9916136205196381,0.798485517501831,0.6881275177001953,0.6011362075805664,0.46149203181266785,0.27826204895973206,0.14350001513957977,0.07399367541074753,0.4206566597275483,0.6926191903497718,0.6142369225238181,0.6435125315598251,0.556235398820781,0.5106431941088483,0.504013423427509,last_observation
rnn,16,1,0.5948768526789128,0.5260642710141704,0.6085364865959343,2.3076923076923075,1.7216117216117217,0.9891629636287689,0.7997458577156067,0.6915107369422913,0.6067550182342529,0.4601752758026123,0.2776339650154114,0.143452450633049,0.07745249569416046,0.445126182389248,0.7001309044642092,0.6210677691892864,0.648931584457171,0.559127822894649,0.55482683235531,0.4973017096730307,last_observation
rnn,32,1,0.5859218721935993,0.5145820239804442,0.6026511163305527,2.697802197802198,1.7820512820512822,0.9838681399822236,0.79843670129776,0.6881479024887085,0.6050001978874207,0.4620389938354492,0.28004544973373413,0.14288613200187683,0.07727203518152237,0.43833315072495527,0.6974394108075704,0.6237641560309186,0.6460988977153765,0.5239737456891757,0.5196179956276608,0.5095460523332275,last_observation
lstm,4,1,0.6076658226379336,0.5448837260717578,0.620469209794552,2.391941391941392,1.7087912087912087,1.00659921169281,0.7948867678642273,0.6515607237815857,0.5904171466827393,0.492984801530838,0.32644107937812805,0.17618663609027863,0.07792852818965912,0.46251049998173915,0.7088660247862097,0.6316735574330398,0.6520105917852085,0.5832684392034709,0.5856633298814866,0.5041041222620289,last_observation
lstm,16,1,0.6068566706953105,0.5306213839142502,0.6232229151480791,2.6227106227106227,1.6831501831501832,0.9906497240066529,0.7911171913146973,0.6703904867172241,0.6121016144752502,0.5134766697883606,0.3422882556915283,0.17271319031715393,0.07550885528326035,0.46046528614732846,0.7224703018143114,0.6223260830487147,0.6459757374222551,0.5830459450439426,0.5640317569899896,0.4972110108385107,last_observation
lstm,32,1,0.5934320462029324,0.5391603019247423,0.6099511352285305,2.6849816849816848,1.7765567765567765,0.9936134040355682,0.7824378609657288,0.6594482660293579,0.6007221937179565,0.49373048543930054,0.31804773211479187,0.17278359830379486,0.07710255682468414,0.4501661736240459,0.7019415456514027,0.6199892144526334,0.6502863476815075,0.5447769496050728,0.5812909906800138,0.49702961316947075,last_observation
gru,4,1,0.6067179756449839,0.5269521876622023,0.6154153505574903,2.338827838827839,1.6794871794871795,0.9882321298122406,0.7920049428939819,0.6744434237480164,0.602404773235321,0.4914190173149109,0.31738632917404175,0.16217456758022308,0.08098281919956207,0.4514079105949381,0.7046819755563439,0.63365090778357,0.650902149147115,0.5929469351429525,0.5615004027154528,0.49240397260895197,last_observation
gru,16,1,0.6054035333702229,0.5433220436713062,0.6318835884560352,2.5750915750915753,1.7271062271062272,0.9779689908027649,0.7886258959770203,0.6706136465072632,0.6065409183502197,0.5082332491874695,0.3523130714893341,0.18061359226703644,0.08145477622747421,0.44782878638471935,0.7491405571391869,0.6237641560309186,0.6340291889894698,0.5722549783068195,0.5953285007479001,0.49131558659471225,last_observation
gru,32,1,0.5919576794399102,0.5324039692694482,0.6065387003590615,2.688644688644689,1.8003663003663004,0.9834323763847351,0.7830286026000977,0.6614550352096558,0.6021528244018555,0.5067722201347351,0.3396070897579193,0.18591369688510895,0.08369238674640656,0.4508966071363354,0.6978309007939907,0.6194499370843071,0.6444978139047971,0.5471131382801201,0.578299390173743,0.4865085483651535,last_observation
rnn,4,2,0.5921991748095117,0.5020501657017405,0.6028238978429308,2.347985347985348,1.6318681318681318,0.9834446132183075,0.8006495237350464,0.6909040808677673,0.6059842109680176,0.4649495482444763,0.2776361405849457,0.14179515838623047,0.07476752996444702,0.4221175267521274,0.6979043051664444,0.6129786086643897,0.6698688342878256,0.5581265991767717,0.5113335634564492,0.4927667679470319,last_observation
rnn,16,2,0.5927785290406806,0.5125765215323035,0.6047352933236144,2.470695970695971,1.7252747252747254,0.9852773129940033,0.7982750535011292,0.6898289322853088,0.6038591265678406,0.45806363224983215,0.2774759829044342,0.14257001876831055,0.07686292380094528,0.4379679339688105,0.6955798333720745,0.6280783749775302,0.6511484697333579,0.5511180331516298,0.5182372569324588,0.5069157861321482,last_observation
rnn,32,2,0.5878445401899419,0.5188651253802854,0.6026943117086472,2.8864468864468864,1.7820512820512822,0.9877960741519928,0.7982341051101685,0.6895326972007751,0.6070653200149536,0.45941171050071716,0.27667152881622314,0.14255230128765106,0.07699605077505112,0.4437383587158979,0.6920319553701415,0.6289771705914076,0.6387092801280867,0.5357659361441762,0.5223794730180646,0.515350777742506,last_observation
lstm,4,2,0.5924734912306826,0.5551896329113646,0.6085364865959343,2.261904761904762,1.664835164835165,0.9988920390605927,0.7972370982170105,0.6740170121192932,0.605628252029419,0.49396541714668274,0.33616903424263,0.18157564103603363,0.07968231290578842,0.425915781016033,0.691518124762965,0.6212475283120619,0.6414188065767596,0.5822672154855935,0.5810608675641468,0.5293183982585824,last_observation
lstm,16,2,0.6007790898857087,0.5410709989923517,0.6184930212467266,2.5256410256410255,1.7326007326007327,0.9958533048629761,0.7860446572303772,0.6591973900794983,0.6016756296157837,0.5027859210968018,0.34262314438819885,0.1880364716053009,0.08222933858633041,0.43643402359300243,0.7184575294535045,0.6225058421714902,0.6601391711312273,0.5663588830793191,0.5852030836497526,0.4969389143349508,last_observation
lstm,32,2,0.5918910676767872,0.5352628975535062,0.6055884020409816,2.73992673992674,1.8021978021978022,0.9880482017993927,0.7829875349998474,0.6657397150993347,0.6079904437065125,0.5051646828651428,0.3273169994354248,0.17042748630046844,0.07720804214477539,0.4518461707023118,0.6942585546679064,0.6189106597159806,0.6415419668698812,0.5528979864278563,0.5847428374180187,0.4857829576889937,last_observation
gru,4,2,0.607633812048183,0.5368882705519413,0.6166356199886612,2.32967032967033,1.6336996336996337,0.993250036239624,0.7955057621002197,0.6798357367515564,0.6064577102661133,0.5021936893463135,0.3261103928089142,0.15952977538108826,0.07673926651477814,0.44841313319455095,0.7016479281615875,0.619090418838756,0.674179444547078,0.5948381354989432,0.5713956966977333,0.5023808444061494,last_observation
gru,16,2,0.6110980668425106,0.5197034869235286,0.6212575254447774,2.47985347985348,1.7216117216117217,0.9880945026874542,0.7848684787750244,0.6625426411628723,0.5975198745727539,0.49885785579681396,0.3405173718929291,0.17533570528030396,0.08329243957996368,0.46689310105547643,0.7203171068890003,0.6252022290131224,0.6590307284931338,0.5840471687618201,0.5748475434357381,0.4645594304113192,last_observation
gru,32,2,0.5863984347123432,0.5270954419369067,0.6048108852352798,2.8974358974358974,1.8241758241758241,0.9882223904132843,0.782640814781189,0.6618689298629761,0.6024458408355713,0.5031963586807251,0.32685306668281555,0.17177988588809967,0.0782092735171318,0.44636791936014025,0.7022106950170666,0.5998561927017796,0.6463452183016195,0.5372121481811103,0.5748475434357381,0.47934334043807536,last_observation
